编号,文件名称,处罚时间,Unnamed: 3,Unnamed: 4,Unnamed: 5,Unnamed: 6,Unnamed: 7,出现次数,股票代码,年份
1044,关于海南大东海旅游中心股份有限公司违反证券法规行为的处罚决定,2001年3月6日,证监罚字[2001]3号,http://www.csrc.gov.cn/pub/zjhpublic/G00306212/200804/t20080418_22548.htm,2,1,关于海南大东海旅游中心股份有限公司违反证券法规行为的处罚决定,0,200613,
1036,关于山东三联集团公司违反证券法规的处罚决定,2001年6月18日,证监罚字[2001]11号,http://www.csrc.gov.cn/pub/zjhpublic/G00306212/200804/t20080418_22493.htm,1,1,关于山东三联集团公司违反证券法规的处罚决定,0,338,
1035,关于湖南省张家界旅游开发股份有限公司及肖碧文等人违反证券法规行为的处罚决定,2001年8月3日,证监罚字[2001]12号,http://www.csrc.gov.cn/pub/zjhpublic/G00306212/200804/t20080418_22492.htm,2,1,关于湖南省张家界旅游开发股份有限公司及肖碧文等人违反证券法规行为的处罚决定,0,430,
1029,关于牡丹江石化集团股份有限公司（现黑龙江圣方科技股份有限公司）及荣英林等八人违反证券法规行为的处罚决定,2001年8月21日,证监罚字[2001]18号,http://www.csrc.gov.cn/pub/zjhpublic/G00306212/200804/t20080418_22486.htm,2,1,关于牡丹江石化集团股份有限公司（现黑龙江圣方科技股份有限公司）及荣英林等八人违反证券法规行为的处罚决定,0,620,
1030,关于西安圣方科技股份有限公司及王大中、刘晓卫违反证券法规行为的处罚决定,2001年8月21日,证监罚字[2001]17号,http://www.csrc.gov.cn/pub/zjhpublic/G00306212/200804/t20080418_22487.htm,2,1,关于西安圣方科技股份有限公司及王大中、刘晓卫违反证券法规行为的处罚决定,0,620,
1028,关于郑州百文股份有限公司（集团）及有关人员违反证券法规行为的处罚决定,2001年9月27日,证监罚字[2001]19号,http://www.csrc.gov.cn/pub/zjhpublic/G00306212/200804/t20080418_22485.htm,2,1,关于郑州百文股份有限公司（集团）及有关人员违反证券法规行为的处罚决定,0,600898,
1026,关于福建九州集团股份有限公司及赵裕昌、池金明、吴健俩、周小华、于志海、吴素丹、蔡绿水、孙谦、江化开、杨幼义、熊越、周晶、董彬等13人违反证券法规行为的处罚决定,2001年10月26日,证监罚字[2001]21号,http://www.csrc.gov.cn/pub/zjhpublic/G00306212/200804/t20080418_22416.htm,2,1,关于福建九州集团股份有限公司及赵裕昌、池金明、吴健俩、周小华、于志海、吴素丹、蔡绿水、孙谦、江化开、杨幼义、熊越、周晶、董彬等13人违反证券法规行为的处罚决定,0,653,
1024,关于对山东渤海集团股份有限公司违反证券法规行为的处罚决定,2001年11月5日,证监罚字[2001]23号,http://www.csrc.gov.cn/pub/zjhpublic/G00306212/200804/t20080418_22414.htm,2,1,关于对山东渤海集团股份有限公司违反证券法规行为的处罚决定,0,600858,
1022,关于四川金路集团股份有限公司及有关人员违反证券法规行为的处罚决定,2001年11月9日,证监罚字[2001]25号,http://www.csrc.gov.cn/pub/zjhpublic/G00306212/200804/t20080418_22412.htm,2,1,关于四川金路集团股份有限公司及有关人员违反证券法规行为的处罚决定,0,510,
1018,关于江苏沙钢集团有限公司违反证券法规行为的处罚决定,2001年11月30日,证监罚字[2001]29号,http://www.csrc.gov.cn/pub/zjhpublic/G00306212/200804/t20080418_22408.htm,1,1,关于江苏沙钢集团有限公司违反证券法规行为的处罚决定,0,2075,
1013,中国证券监督管理委员会行政处罚决定书（珠海鑫光及相关人员）,2002年4月4日,证监罚字[2002]5号,http://www.csrc.gov.cn/pub/zjhpublic/G00306212/200804/t20080418_14328.htm,2,1,珠海鑫光,0,405,
1010,中国证券监督管理委员会行政处罚决定书（桂林集琦及相关人员）,2002年4月8日,证监罚字[2002]8号,http://www.csrc.gov.cn/pub/zjhpublic/G00306212/200804/t20080418_14325.htm,2,1,桂林集琦,0,750,
1008,中国证券监督管理委员会行政处罚决定书（银广夏）,2002年4月23日,证监罚字[2002]10号,http://www.csrc.gov.cn/pub/zjhpublic/G00306212/200804/t20080418_14333.htm,2,1,银广夏,0,557,
1007,中国证券监督管理委员会行政处罚决定书（金安公司）,2002年5月27日,证监罚字[2002]11号,http://www.csrc.gov.cn/pub/zjhpublic/G00306212/200804/t20080418_14335.htm,1,1,金安公司,0,2636,
1006,中国证券监督管理委员会行政处罚决定书（三九医药及相关人员）,2002年7月4日,证监罚字[2002]12号,http://www.csrc.gov.cn/pub/zjhpublic/G00306212/200804/t20080418_14340.htm,2,1,三九医药,0,999,
1005,中国证券监督管理委员会行政处罚决定书（宇通公司及相关人员）,2002年10月10日,证监罚字[2002]13号,http://www.csrc.gov.cn/pub/zjhpublic/G00306212/200804/t20080418_14321.htm,2,1,宇通公司,0,600066,
1003,中国证券监督管理委员会行政处罚决定书（新基业公司及相关人员）,2002年11月25日,证监罚字[2002]15号,http://www.csrc.gov.cn/pub/zjhpublic/G00306212/200804/t20080418_14338.htm,1,1,新基业公司,0,0,
1001,中国证券监督管理委员会行政处罚决定书（京都期货及相关人员）,2002年12月24日,证监罚字[2002]17号,http://www.csrc.gov.cn/pub/zjhpublic/G00306212/200804/t20080418_14336.htm,1,1,京都期货,0,0,
1000,中国证券监督管理委员会行政处罚决定书（吉粮发期货及相关人员）,2003年1月16日,证监罚字[2003]1号,http://www.csrc.gov.cn/pub/zjhpublic/G00306212/200804/t20080418_14278.htm,2,1,吉粮发期货,0,0,
996,中国证券监督管理委员会行政处罚决定书（上海物贸中心及相关人员）,2003年4月8日,证监罚字[2003]5号,http://www.csrc.gov.cn/pub/zjhpublic/G00306212/200804/t20080418_14275.htm,2,1,上海物贸中心,0,600822,
994,中国证券监督管理委员会行政处罚决定书（南华西及相关人员）,2003年4月21日,证监罚字[2003]8号,http://www.csrc.gov.cn/pub/zjhpublic/G00306212/200804/t20080418_14273.htm,1,1,南华西,0,660,
995,中国证券监督管理委员会行政处罚决定书（自仪股份及相关人员）,2003年4月21日,证监罚字[2003]6号,http://www.csrc.gov.cn/pub/zjhpublic/G00306212/200804/t20080418_14274.htm,1,1,自仪股份,0,600848,
993,中国证券监督管理委员会行政处罚决定书（深圳怡龙）,2003年6月24日,证监罚字[2003]9号,http://www.csrc.gov.cn/pub/zjhpublic/G00306212/200804/t20080418_14171.htm,1,1,深圳怡龙,0,0,
992,中国证券监督管理委员会行政处罚决定书（天津磁卡及相关人员）,2003年7月4日,证监罚字[2003]10号,http://www.csrc.gov.cn/pub/zjhpublic/G00306212/200804/t20080418_14170.htm,2,1,天津磁卡,0,600800,
990,中国证券监督管理委员会行政处罚决定书（四砂股份及相关人员）,2003年7月10日,证监罚字[2003]12号,http://www.csrc.gov.cn/pub/zjhpublic/G00306212/200804/t20080418_14332.htm,2,1,四砂股份,0,600783,
989,中国证券监督管理委员会行政处罚决定书（重庆东源）,2003年7月18日,证监罚字[2003]13号,http://www.csrc.gov.cn/pub/zjhpublic/G00306212/200804/t20080418_14169.htm,1,1,重庆东源,0,656,
988,中国证券监督管理委员会行政处罚决定书（纵横国际）,2003年7月25日,证监罚字[2003]14号,http://www.csrc.gov.cn/pub/zjhpublic/G00306212/200804/t20080418_14281.htm,1,1,纵横国际,0,600862,
985,中国证券监督管理委员会行政处罚决定书（上证吉龙公司）,2003年8月25日,证监罚字[2003]17号,http://www.csrc.gov.cn/pub/zjhpublic/G00306212/200804/t20080418_14255.htm,1,1,上证吉龙公司,0,0,
983,中国证券监督管理委员会行政处罚决定书（济南轻骑及相关人员）,2003年9月12日,证监罚字[2003]20号,http://www.csrc.gov.cn/pub/zjhpublic/G00306212/200804/t20080418_14253.htm,2,1,济南轻骑,0,600698,
982,关于对重庆渝开发股份有限公司违反证券法律法规的处罚决定,2003年9月16日,证监罚字[2003]18号,http://www.csrc.gov.cn/pub/zjhpublic/G00306212/200804/t20080418_22448.htm,2,1,关于对重庆渝开发股份有限公司违反证券法律法规的处罚决定,0,514,
980,中国证券监督管理委员会行政处罚决定书（江苏瑞明）,2003年11月3日,证监罚字[2003]22号,http://www.csrc.gov.cn/pub/zjhpublic/G00306212/200804/t20080418_14176.htm,1,1,江苏瑞明,0,0,
979,中国证券监督管理委员会行政处罚决定书（内蒙宏峰）,2003年11月4日,证监罚字[2003]23号,http://www.csrc.gov.cn/pub/zjhpublic/G00306212/200804/t20080418_14177.htm,2,1,内蒙宏峰,0,594,
978,中国证券监督管理委员会行政处罚决定书（恒丰期货及相关人员）,2003年11月12日,证监罚字[2003]24号,http://www.csrc.gov.cn/pub/zjhpublic/G00306212/200804/t20080418_14175.htm,2,1,恒丰期货,0,0,
977,中国证券监督管理委员会行政处罚决定书（国嘉实业及相关人员）,2003年12月1日,证监罚字[2003]25号,http://www.csrc.gov.cn/pub/zjhpublic/G00306212/200804/t20080418_14174.htm,2,1,国嘉实业,0,600646,
976,中国证券监督管理委员会行政处罚决定书（石油龙昌及相关人员）,2003年12月5日,证监罚字[2003]26号,http://www.csrc.gov.cn/pub/zjhpublic/G00306212/200804/t20080418_14182.htm,2,1,石油龙昌,0,600772,
974,中国证券监督管理委员会行政处罚决定书（长运公司及相关人员）,2003年12月26日,证监罚字[2003]28号,http://www.csrc.gov.cn/pub/zjhpublic/G00306212/200804/t20080418_14181.htm,2,1,长运公司,0,600369,
975,中国证券监督管理委员会行政处罚决定书（金健米业及相关人员）,2003年12月26日,证监罚字[2003]27号,http://www.csrc.gov.cn/pub/zjhpublic/G00306212/200804/t20080418_14183.htm,2,1,金健米业,0,600127,
971,中国证券监督管理委员会行政处罚决定书（无锡小天鹅及相关人员）,2003年12月29日,证监罚字[2003]31号,http://www.csrc.gov.cn/pub/zjhpublic/G00306212/200804/t20080418_14261.htm,1,1,无锡小天鹅,0,418,
969,中国证券监督管理委员会行政处罚决定书（中炬高新及相关人员）,2003年12月31日,证监罚字[2003]33号,http://www.csrc.gov.cn/pub/zjhpublic/G00306212/200804/t20080418_14259.htm,2,1,中炬高新,0,600872,
966,中国证监会行政处罚决定书（本钢板材）,2004年1月5日,（2004）1号,http://www.csrc.gov.cn/pub/zjhpublic/G00306212/201104/t20110422_194685.htm,1,1,本钢板材,0,761,
963,中国证监会行政处罚决定书（天津海运）,2004年1月21日,（2004）2号,http://www.csrc.gov.cn/pub/zjhpublic/G00306212/201104/t20110422_194686.htm,1,1,天津海运,0,600751,
965,中国证券监督管理委员会行政处罚决定书（四川长江包装及相关人员）,2004年1月21日,证监罚字[2004]3号,http://www.csrc.gov.cn/pub/zjhpublic/G00306212/200804/t20080418_14354.htm,1,1,四川长江包装,0,600137,
962,中国证券监督管理委员会行政处罚决定书（上海万向期货公司及相关人员）,2004年2月2日,证监罚字[2004]5号,http://www.csrc.gov.cn/pub/zjhpublic/G00306212/200804/t20080418_14351.htm,1,1,上海万向期货公司,0,0,
961,中国证券监督管理委员会行政处罚决定书（大盈现代农业）,2004年2月27日,证监罚字[2004]6号,http://www.csrc.gov.cn/pub/zjhpublic/G00306212/200804/t20080418_14352.htm,1,1,大盈现代农业,0,600844,
960,中国证券监督管理委员会行政处罚决定书（宁城老窖）,2004年3月1日,证监罚字[2004]7号,http://www.csrc.gov.cn/pub/zjhpublic/G00306212/200804/t20080418_14463.htm,1,1,宁城老窖,0,600159,
958,中国证监会行政处罚决定书（河南梅赛）,2004年3月9日,（2004）9号,http://www.csrc.gov.cn/pub/zjhpublic/G00306212/201104/t20110422_194687.htm,1,1,河南梅赛,0,0,
959,中国证券监督管理委员会行政处罚决定书（河南凯陆实业）,2004年3月9日,证监罚字[2004]8号,http://www.csrc.gov.cn/pub/zjhpublic/G00306212/200804/t20080418_14462.htm,1,1,河南凯陆实业,0,0,
957,中国证券监督管理委员会行政处罚决定书（远洋渔业及相关人员）,2004年4月23日,证监罚字[2004]10号,http://www.csrc.gov.cn/pub/zjhpublic/G00306212/200804/t20080418_14206.htm,2,1,远洋渔业,0,600728,
954,中国证券监督管理委员会行政处罚决定书（重庆万里蓄电池及相关人员）,2004年5月19日,证监罚字[2004]14号,http://www.csrc.gov.cn/pub/zjhpublic/G00306212/200804/t20080418_14203.htm,1,1,重庆万里蓄电池,0,600847,
952,中国证券监督管理委员会行政处罚决定书（民族化工及相关人员）,2004年5月25日,证监罚字[2004]15号,http://www.csrc.gov.cn/pub/zjhpublic/G00306212/200804/t20080418_14201.htm,2,1,民族化工,0,635,
949,中国证券监督管理委员会行政处罚决定书（大连北大科技及相关人员）,2004年6月7日,证监罚字[2004]18号,http://www.csrc.gov.cn/pub/zjhpublic/G00306212/200804/t20080418_14199.htm,2,1,大连北大科技,0,600878,
948,中国证券监督管理委员会行政处罚决定书（新疆啤酒花及相关人员）,2004年6月9日,证监罚字[2004]19号,http://www.csrc.gov.cn/pub/zjhpublic/G00306212/200804/t20080418_14198.htm,2,1,新疆啤酒花,0,600090,
946,中国证券监督管理委员会行政处罚决定书（鲁银投资及相关人员）,2004年6月29日,证监罚字[2004]21号,http://www.csrc.gov.cn/pub/zjhpublic/G00306212/200804/t20080418_14299.htm,2,1,鲁银投资,0,600784,2000
945,中国证券监督管理委员会行政处罚决定书（南山热电及相关人员）,2004年7月12日,证监罚字[2004]22号,http://www.csrc.gov.cn/pub/zjhpublic/G00306212/200804/t20080418_14298.htm,2,1,南山热电,0,37,
937,中国证监会行政处罚决定书（湘酒鬼、刘虹等9名责任人员）,2004年7月27日,（2004）30号,http://www.csrc.gov.cn/pub/zjhpublic/G00306212/201104/t20110422_194684.htm,2,1,湘酒鬼,0,799,
939,中国证券监督管理委员会行政处罚决定书（通富达）,2004年7月27日,证监罚字[2004]28号,http://www.csrc.gov.cn/pub/zjhpublic/G00306212/200804/t20080418_14223.htm,0,1,通富达,0,0,
940,中国证券监督管理委员会行政处罚决定书（四川国际及相关人员）,2004年7月27日,证监罚字[2004]27号,http://www.csrc.gov.cn/pub/zjhpublic/G00306212/200804/t20080418_14293.htm,0,1,四川国际,0,0,
941,中国证券监督管理委员会行政处罚决定书（纵横国际及相关人员）,2004年7月27日,证监罚字[2004]26号,http://www.csrc.gov.cn/pub/zjhpublic/G00306212/200804/t20080418_14294.htm,2,1,纵横国际,1,600862,1999
942,中国证券监督管理委员会行政处罚决定书（中垦农业及相关人员）,2004年7月27日,证监罚字[2004]25号,http://www.csrc.gov.cn/pub/zjhpublic/G00306212/200804/t20080418_14296.htm,1,1,中垦农业,0,600313,
943,中国证券监督管理委员会行政处罚决定书（中谷期货及相关人员）,2004年7月27日,证监罚字[2004]24号,http://www.csrc.gov.cn/pub/zjhpublic/G00306212/200804/t20080418_14295.htm,1,1,中谷期货,0,0,
944,中国证券监督管理委员会行政处罚决定书（银鸽投资及相关人员）,2004年7月27日,证监罚字[2004]23号,http://www.csrc.gov.cn/pub/zjhpublic/G00306212/200804/t20080418_14297.htm,2,1,银鸽投资,0,600069,1997
936,中国证券监督管理委员会行政处罚决定书（海南港澳信托）,2004年8月9日,证监罚字[2004]31号,http://www.csrc.gov.cn/pub/zjhpublic/G00306212/200804/t20080418_14391.htm,1,1,海南港澳信托,0,0,
935,中国证券监督管理委员会行政处罚决定书（铜城集团及相关人员）,2004年9月2日,证监罚字[2004]32号,http://www.csrc.gov.cn/pub/zjhpublic/G00306212/200804/t20080418_14390.htm,2,1,铜城集团,0,672,
933,中国证券监督管理委员会行政处罚决定书（神龙发展及相关人员）,2004年9月16日,证监罚字[2004]34号,http://www.csrc.gov.cn/pub/zjhpublic/G00306212/200804/t20080418_14428.htm,2,1,神龙发展,0,600659,
931,中国证券监督管理委员会行政处罚决定书（天发石油及相关人员）,2004年9月20日,证监罚字[2004]36号,http://www.csrc.gov.cn/pub/zjhpublic/G00306212/200804/t20080418_14427.htm,2,1,天发石油,0,670,
930,中国证券监督管理委员会行政处罚决定书（宏智科技及相关人员）,2004年10月8日,证监罚字[2004]37号,http://www.csrc.gov.cn/pub/zjhpublic/G00306212/200804/t20080418_14425.htm,2,1,宏智科技,0,600503,
929,中国证券监督管理委员会行政处罚决定书（菲菲农业及相关人员）,2004年10月14日,证监罚字[2004]38号,http://www.csrc.gov.cn/pub/zjhpublic/G00306212/200804/t20080418_14355.htm,2,1,菲菲农业,0,769,
927,中国证券监督管理委员会行政处罚决定书（方成实业）,2004年10月19日,证监罚字[2004]40号,http://www.csrc.gov.cn/pub/zjhpublic/G00306212/200804/t20080418_14423.htm,1,1,方成实业,0,0,
926,中国证券监督管理委员会行政处罚决定书（烟台发展及相关人员）,2004年11月15日,证监罚字[2004]41号,http://www.csrc.gov.cn/pub/zjhpublic/G00306212/200804/t20080418_14424.htm,2,1,烟台发展,0,600766,
924,中国证券监督管理委员会行政处罚决定书（丰乐种业及相关人员）,2004年12月21日,证监罚字[2004]43号,http://www.csrc.gov.cn/pub/zjhpublic/G00306212/200804/t20080418_14421.htm,2,1,丰乐种业,0,713,
922,中国证券监督管理委员会行政处罚决定书（数码测绘及相关人员）,2004年12月23日,证监罚字[2004]45号,http://www.csrc.gov.cn/pub/zjhpublic/G00306212/200804/t20080418_14360.htm,2,1,数码测绘,0,600700,
918,中国证券监督管理委员会行政处罚决定书（安信房地产）,2004年12月31日,证监罚字[2004]49号,http://www.csrc.gov.cn/pub/zjhpublic/G00306212/200804/t20080418_14356.htm,1,1,安信房地产,0,0,
911,中国证监会行政处罚决定书（重庆东源及相关人员）,2005年4月20日,证监罚字[2005]7号,http://www.csrc.gov.cn/pub/zjhpublic/G00306212/200804/t20080418_14414.htm,2,1,重庆东源,1,0,
913,关于对上海丰华（集团）股份有限公司违反证券期货法律法规行为的处罚决定,2005年4月20日,证监罚字[2005]5号,http://www.csrc.gov.cn/pub/zjhpublic/G00306212/200804/t20080418_22482.htm,2,1,关于对上海丰华（集团）股份有限公司违反证券期货法律法规行为的处罚决定,0,0,
910,中国证监会行政处罚决定书（深圳石化工业集团及相关人员）,2005年4月25日,证监罚字[2005]8号,http://www.csrc.gov.cn/pub/zjhpublic/G00306212/200804/t20080418_14412.htm,2,1,深圳石化工业集团,0,0,
908,中国证监会行政处罚决定书（西安达尔曼及相关人员）,2005年5月17日,证监罚字[2005]10号,http://www.csrc.gov.cn/pub/zjhpublic/G00306212/200804/t20080418_14411.htm,2,1,西安达尔曼,0,600788,
904,中国证监会行政处罚决定书（四川天歌及相关人员）,2005年6月8日,证监罚字[2005]14号,http://www.csrc.gov.cn/pub/zjhpublic/G00306212/200804/t20080418_14374.htm,2,1,四川天歌,0,509,1999
902,中国证监会行政处罚决定书（红河光明及相关人员）,2005年6月13日,证监罚字[2005]16号,http://www.csrc.gov.cn/pub/zjhpublic/G00306212/200804/t20080418_14459.htm,2,1,红河光明,0,600239,
897,中国证监会行政处罚决定书（大连北大科技及相关人员）,2005年7月15日,证监罚字[2005]21号,http://www.csrc.gov.cn/pub/zjhpublic/G00306212/200804/t20080418_14456.htm,0,1,大连北大科技,1,0,
893,中国证监会行政处罚决定书（科大创新及陆晓明、陈宗海、张建生、张伟、田杰、苏俊、冯士芬、匡光力、潘忠孝、伍先达、马贤明）,2005年8月29日,证监罚字[2005]25号,http://www.csrc.gov.cn/pub/zjhpublic/G00306212/200804/t20080418_14448.htm,2,1,科大创新,0,600551,
892,中国证监会行政处罚决定书（湖南天一科技及彭深根、黄奇、邓植林、吴加政、毛晖、欧阳纯宝、李员明、李有智、姚晓义）,2005年8月30日,证监罚字[2005]26号,http://www.csrc.gov.cn/pub/zjhpublic/G00306212/200804/t20080418_14449.htm,2,1,湖南天一科技,0,908,
888,中国证监会行政处罚决定书（托普软件及宋如华、李正彬、袁科、陈晔、高云秋、田京元）,2005年9月23日,证监罚字[2005]30号,http://www.csrc.gov.cn/pub/zjhpublic/G00306212/200804/t20080418_14343.htm,2,1,托普软件,0,583,
889,中国证监会行政处罚决定书（沈阳合金投资及傅忠、杨志斌、王淑娟、唐忠诚、安体富、李馨）,2005年9月23日,证监罚字[2005]29号,http://www.csrc.gov.cn/pub/zjhpublic/G00306212/200804/t20080418_14446.htm,2,1,沈阳合金投资,0,633,
886,中国证监会行政处罚决定书（深圳博略科技投资有限公司）,2005年11月2日,证监罚字[2005]32号,http://www.csrc.gov.cn/pub/zjhpublic/G00306212/200804/t20080418_14342.htm,1,1,深圳博略科技投资有限公司,0,0,
885,中国证监会行政处罚决定书（广东证券）,2005年11月4日,证监罚字[2005]33号,http://www.csrc.gov.cn/pub/zjhpublic/G00306212/200804/t20080418_14453.htm,1,1,广东证券,0,0,
883,中国证监会行政处罚决定书（沈阳菲菲澳家现代农业）,2005年11月14日,证监罚字[2005]37号,http://www.csrc.gov.cn/pub/zjhpublic/G00306212/200804/t20080418_14372.htm,1,1,沈阳菲菲澳家现代农业,0,769,
881,中国证监会行政处罚决定书（山东神光咨询服务有限责任公司）,2005年11月21日,证监罚字[2005]36号,http://www.csrc.gov.cn/pub/zjhpublic/G00306212/200804/t20080418_14376.htm,1,1,山东神光咨询服务有限责任公司,0,0,
879,中国证监会行政处罚决定书（重庆实业及富庶、罗敏、吕俊、何霖等人员）,2005年12月7日,证监罚字[2005]39号,http://www.csrc.gov.cn/pub/zjhpublic/G00306212/200804/t20080418_14371.htm,2,1,重庆实业,0,736,
877,中国证监会行政处罚决定书（科健股份）,2005年12月15日,证监罚字[2005]41号,http://www.csrc.gov.cn/pub/zjhpublic/G00306212/200804/t20080418_14349.htm,0,1,科健股份,0,35,
872,中国证监会行政处罚决定书（湖南贯融生投资顾问有限责任公司）,2006年1月10日,证监罚字[2006]3号,http://www.csrc.gov.cn/pub/zjhpublic/G00306212/200804/t20080418_14312.htm,1,1,湖南贯融生投资顾问有限责任公司,0,0,
873,中国证监会行政处罚决定书（深圳本鲁克斯实业股份有限公司）,2006年1月10日,证监罚字[2006]2号,http://www.csrc.gov.cn/pub/zjhpublic/G00306212/200804/t20080418_14314.htm,1,1,深圳本鲁克斯实业股份有限公司,0,200041,
874,中国证监会行政处罚决定书（茉织华及李勤夫）,2006年1月10日,证监罚字[2006]1号,http://www.csrc.gov.cn/pub/zjhpublic/G00306212/200804/t20080418_14313.htm,2,1,茉织华,0,600555,
871,中国证监会行政处罚决定书（方向光电及穆昕、刘汝泉等相关人员）,2006年2月10日,证监罚字[2006]4号,http://www.csrc.gov.cn/pub/zjhpublic/G00306212/200804/t20080418_14315.htm,2,1,方向光电,0,757,
870,中国证监会行政处罚决定书（四通高科及彭文辉、王兴俊等相关人员）,2006年2月28日,证监罚字[2006]5号,http://www.csrc.gov.cn/pub/zjhpublic/G00306212/200804/t20080418_14316.htm,2,1,四通高科,0,409,
868,中国证监会行政处罚决定书（中关村科技及段永基、袁振宇等相关人员）,2006年3月1日,证监罚字[2006]7号,http://www.csrc.gov.cn/pub/zjhpublic/G00306212/200804/t20080418_14318.htm,2,1,中关村科技,0,931,
869,中国证监会行政处罚决定书（吴忠仪表及赵广生、李志强等相关人员）,2006年3月1日,证监罚字[2006]6号,http://www.csrc.gov.cn/pub/zjhpublic/G00306212/200804/t20080418_14319.htm,2,1,吴忠仪表,0,862,
866,中国证监会行政处罚决定书（安徽古井贡酒）,2006年3月6日,证监罚字[2006]9号,http://www.csrc.gov.cn/pub/zjhpublic/G00306212/200804/t20080418_14320.htm,1,1,安徽古井贡酒,0,596,
864,中国证监会行政处罚决定书（天山股份及张丽荣、贺明华等相关人员）,2006年3月22日,证监罚字[2006]11号,http://www.csrc.gov.cn/pub/zjhpublic/G00306212/200804/t20080418_14362.htm,2,1,天山股份,0,877,
859,中国证监会行政处罚决定书（科龙电器及顾雏军、刘从梦等相关人员）,2006年6月15日,证监罚字[2006]16号,http://www.csrc.gov.cn/pub/zjhpublic/G00306212/200804/t20080418_14365.htm,2,1,科龙电器,0,921,
858,中国证监会行政处罚决定书（大众公用）,2006年6月20日,（2006）17号,http://www.csrc.gov.cn/pub/zjhpublic/G00306212/201104/t20110422_194682.htm,1,1,大众公用,0,600635,
856,中国证监会行政处罚决定书（方大集团及熊建明等相关人员）,2006年6月28日,证监罚字[2006]18号,http://www.csrc.gov.cn/pub/zjhpublic/G00306212/200804/t20080418_14262.htm,2,1,方大集团,0,55,
854,中国证监会行政处罚决定书（经易期货上海营业部及相关人员）,2006年6月30日,证监罚字[2006]20号,http://www.csrc.gov.cn/pub/zjhpublic/G00306212/200804/t20080418_14265.htm,1,1,经易期货上海营业部,0,0,
850,中国证监会行政处罚决定书（海鸟发展及唐海根等相关人员）,2006年9月19日,证监罚字[2006]25号,http://www.csrc.gov.cn/pub/zjhpublic/G00306212/200804/t20080418_14268.htm,2,1,海鸟发展,0,600634,
849,中国证监会行政处罚决定书（中科健及侯自强、郝建学等相关人员）,2006年10月12日,证监罚字[2006]26号,http://www.csrc.gov.cn/pub/zjhpublic/G00306212/200804/t20080418_14270.htm,2,1,中科健,0,35,
844,中国证监会行政处罚决定书（金荔科技及刘作超）,2006年11月27日,证监罚字[2006]31号,http://www.csrc.gov.cn/pub/zjhpublic/G00306212/200804/t20080418_14234.htm,1,1,金荔科技,0,600762,
845,中国证监会行政处罚决定书（科龙电器）,2006年11月27日,证监罚字[2006]30号,http://www.csrc.gov.cn/pub/zjhpublic/G00306212/200804/t20080418_14235.htm,1,1,科龙电器,1,921,
846,中国证监会行政处罚决定书（精密股份）,2006年11月27日,证监罚字[2006]29号,http://www.csrc.gov.cn/pub/zjhpublic/G00306212/200804/t20080418_14236.htm,1,1,精密股份,0,600092,
843,中国证监会行政处罚决定书（湘火炬及聂新勇、刘海南等相关人员）,2006年11月28日,证监罚字[2006]32号,http://www.csrc.gov.cn/pub/zjhpublic/G00306212/200804/t20080418_14239.htm,2,1,湘火炬,0,549,
840,中国证监会行政处罚决定书（华信股份及赵从钊、栗抗生等相关人员）,2006年11月29日,证监罚字[2006]35号,http://www.csrc.gov.cn/pub/zjhpublic/G00306212/200804/t20080418_14240.htm,0,1,华信股份,0,765,
841,中国证监会行政处罚决定书（和光商务及吴力、黄勇、毕春斌）,2006年11月29日,证监罚字[2006]34号,http://www.csrc.gov.cn/pub/zjhpublic/G00306212/200804/t20080418_14241.htm,2,1,和光商务,0,863,
839,中国证监会行政处罚决定书（新太科技及邓龙龙、翟才忠等相关人员）,2006年12月8日,证监罚字[2006]36号,http://www.csrc.gov.cn/pub/zjhpublic/G00306212/200804/t20080418_14242.htm,2,1,新太科技,0,600728,
838,中国证监会行政处罚决定书（宝石电子及董庆祥）,2006年12月20日,证监罚字[2006]37号,http://www.csrc.gov.cn/pub/zjhpublic/G00306212/200804/t20080418_14311.htm,1,1,宝石电子,0,413,
837,中国证监会行政处罚决定书（金迪期货及徐根雪、吕仙英等相关人员）,2006年12月27日,证监罚字[2006]38号,http://www.csrc.gov.cn/pub/zjhpublic/G00306212/200804/t20080418_14243.htm,1,1,金迪期货,0,0,
835,中国证监会行政处罚决定书（嘉瑞新材及肖贤辉等人）,2007年1月9日,证监罚字[2007]2号,http://www.csrc.gov.cn/pub/zjhpublic/G00306212/200804/t20080418_14187.htm,2,1,嘉瑞新材,0,156,
836,中国证监会行政处罚决定书（天津磁卡及姜肃敌等人）,2007年1月9日,证监罚字[2007]1号,http://www.csrc.gov.cn/pub/zjhpublic/G00306212/200804/t20080418_14229.htm,1,1,天津磁卡,1,600800,
831,中国证监会行政处罚决定书（中油龙昌及武炜敏）,2007年1月15日,证监罚字[2007]6号,http://www.csrc.gov.cn/pub/zjhpublic/G00306212/200804/t20080418_14207.htm,1,1,中油龙昌,0,600772,
832,中国证监会行政处罚决定书（朝华科技及赵晓轮、陈昌志）,2007年1月15日,证监罚字[2007]5号,http://www.csrc.gov.cn/pub/zjhpublic/G00306212/200804/t20080418_14208.htm,1,1,朝华科技,0,688,
830,中国证监会行政处罚决定书（浙江缤丽纺织及王斌斌等人）,2007年2月1日,证监罚字[2007]7号,http://www.csrc.gov.cn/pub/zjhpublic/G00306212/200804/t20080418_14233.htm,1,1,浙江缤丽纺织,0,0,
828,中国证监会行政处罚决定书（福建闽东电力及翁小巧等人）,2007年2月26日,证监罚字[2007]9号,http://www.csrc.gov.cn/pub/zjhpublic/G00306212/200804/t20080418_14231.htm,1,1,福建闽东电力,0,993,
829,中国证监会行政处罚决定书（深圳本鲁克斯及徐敏等人）,2007年2月26日,证监罚字[2007]8号,http://www.csrc.gov.cn/pub/zjhpublic/G00306212/200804/t20080418_14232.htm,1,1,深圳本鲁克斯,0,200041,
827,中国证监会行政处罚决定书（上海开开实业及江玉森等人）,2007年3月6日,证监罚字[2007]10号,http://www.csrc.gov.cn/pub/zjhpublic/G00306212/200804/t20080418_14230.htm,2,1,上海开开实业,0,600272,
826,中国证监会行政处罚决定书（福建昌源及陈克根等人）,2007年4月10日,证监罚字[2007]11号,http://www.csrc.gov.cn/pub/zjhpublic/G00306212/200804/t20080418_14307.htm,1,1,福建昌源,0,0,
824,中国证监会行政处罚决定书（福建三农及季年谊等人）,2007年4月18日,证监罚字[2007]13号,http://www.csrc.gov.cn/pub/zjhpublic/G00306212/200804/t20080418_14302.htm,1,1,福建三农,0,732,
825,中国证监会行政处罚决定书（天一科技及冯孝庭等人）,2007年4月18日,证监罚字[2007]12号,http://www.csrc.gov.cn/pub/zjhpublic/G00306212/200804/t20080418_14188.htm,2,1,天一科技,0,908,
823,中国证监会行政处罚决定书（浙大海纳及薛卫国等人）,2007年4月24日,证监罚字[2007]14号,http://www.csrc.gov.cn/pub/zjhpublic/G00306212/200804/t20080418_14212.htm,2,1,浙大海纳,0,925,
821,中国证监会行政处罚决定书（杭萧钢构及单银木等人）,2007年4月30日,证监罚字[2007]16号,http://www.csrc.gov.cn/pub/zjhpublic/G00306212/200804/t20080418_14210.htm,2,1,杭萧钢构,0,600477,
820,中国证监会行政处罚决定书（广东美雅及冯国良等人）,2007年5月25日,证监罚字[2007]17号,http://www.csrc.gov.cn/pub/zjhpublic/G00306212/200804/t20080418_14303.htm,2,1,广东美雅,0,529,
817,中国证监会行政处罚决定书（吉林敖东、延边公路及李秀林等人）,2007年6月13日,证监罚字[2007]19号,http://www.csrc.gov.cn/pub/zjhpublic/G00306212/200804/t20080418_14186.htm,2,1,吉林敖东、延边公路,0,0,
814,中国证监会行政处罚决定书（ST威达及魏兴毅、杨志强等人）,2007年6月18日,证监罚字[2007]22号,http://www.csrc.gov.cn/pub/zjhpublic/G00306212/200804/t20080418_14308.htm,0,1,ST威达,0,603,
811,中国证监会行政处罚决定书（深信泰丰及肖水龙、王迎等人）,2007年8月30日,证监罚字[2007]25号,http://www.csrc.gov.cn/pub/zjhpublic/G00306212/200804/t20080418_14224.htm,2,1,深信泰丰,0,34,
808,中国证监会行政处罚决定书（中勤万信及陈明生、李艳敏）,2007年9月24日,证监罚字[2007]27号,http://www.csrc.gov.cn/pub/zjhpublic/G00306212/201003/t20100304_177907.htm,2,1,中勤万信,0,0,
809,中国证监会行政处罚决定书（明星电力）,2007年9月24日,证监罚字[2007]31号,http://www.csrc.gov.cn/pub/zjhpublic/G00306212/200804/t20080418_14226.htm,2,1,明星电力,0,600101,
810,中国证监会行政处罚决定书（闽越花雕及纪金华、吴晓康等人）,2007年9月24日,证监罚字[2007]26号,http://www.csrc.gov.cn/pub/zjhpublic/G00306212/200804/t20080418_14304.htm,0,1,闽越花雕,0,600659,
805,中国证监会行政处罚决定书（深本实及黄先锋、周家宸等人）,2007年9月29日,证监罚字[2007]30号,http://www.csrc.gov.cn/pub/zjhpublic/G00306212/200804/t20080418_14225.htm,0,1,深本实,0,200041,
804,中国证监会行政处罚决定书（国光瓷业及李建平）,2007年10月29日,证监罚字[2007]32号,http://www.csrc.gov.cn/pub/zjhpublic/G00306212/200804/t20080418_14227.htm,2,1,国光瓷业,0,0,
803,中国证监会行政处罚决定书（浙江仙鹤纸业、衢州仙鹤纸业、王敏良、陈国聃）,2007年12月5日,证监罚字[2007]33号,http://www.csrc.gov.cn/pub/zjhpublic/G00306212/200910/t20091010_165182.htm,1,1,"浙江仙鹤纸业,衢州仙鹤纸业",0,A17036,
802,中国证监会行政处罚决定书（亚创控股、陈嘉伟、胡斌）,2007年12月13日,证监罚字[2007]34号,http://www.csrc.gov.cn/pub/zjhpublic/G00306212/200910/t20091010_165183.htm,1,1,亚创控股,0,0,
795,中国证监会行政处罚决定书（滨海石化、李纪明）,2008年1月2日,[2008]6号,http://www.csrc.gov.cn/pub/zjhpublic/G00306212/200804/t20080430_23077.htm,1,1,滨海石化,0,0,
796,中国证监会行政处罚决定书（星光复合、李纪明）,2008年1月2日,[2008]5号,http://www.csrc.gov.cn/pub/zjhpublic/G00306212/200804/t20080430_23072.htm,1,1,星光复合,0,0,
797,中国证监会行政处罚决定书（远大化纤、刘华、汪小军）,2008年1月2日,[2008]4号,http://www.csrc.gov.cn/pub/zjhpublic/G00306212/200804/t20080430_23031.htm,1,1,远大化纤,0,0,
798,中国证监会行政处罚决定书（远东化纤、夏建兴、刘君）,2008年1月2日,[2008]3号,http://www.csrc.gov.cn/pub/zjhpublic/G00306212/200804/t20080430_23016.htm,1,1,远东化纤,0,0,
799,中国证监会行政处罚决定书（恒旦投资、郑鑫炎）,2008年1月2日,[2008]2号,http://www.csrc.gov.cn/pub/zjhpublic/G00306212/200804/t20080430_23007.htm,1,1,恒旦投资,0,0,
800,中国证监会行政处罚决定书（海龙科技、任银光等10名责任人员）,2008年1月2日,[2008]1号,http://www.csrc.gov.cn/pub/zjhpublic/G00306212/200805/t20080527_24400.htm,2,1,海龙科技,0,600516,
791,中国证监会行政处罚决定书（王佩玲等11名龙昌公司责任人员）,2008年2月22日,[2008]10号,http://www.csrc.gov.cn/pub/zjhpublic/G00306212/200906/t20090603_106872.htm,2,1,王佩玲等11名龙昌公司责任人员,0,600772,
788,中国证监会行政处罚决定书（三毛派神、陈敏仪等9名责任人员）,2008年3月20日,[2008]14号,http://www.csrc.gov.cn/pub/zjhpublic/G00306212/200806/t20080617_25344.htm,2,1,三毛派神,0,779,
784,中国证监会行政处罚决定书（王宏建等8名信联股份责任人员）,2008年3月31日,[2008]17号,http://www.csrc.gov.cn/pub/zjhpublic/G00306212/200809/t20080910_33398.htm,2,1,王宏建等8名信联股份责任人员,0,600899,
780,中国证监会行政处罚决定书（亚华种业、邹定民等9名责任人员）,2008年4月8日,[2008] 21号,http://www.csrc.gov.cn/pub/zjhpublic/G00306212/201001/t20100125_175867.htm,2,1,亚华种业,0,918,
781,中国证监会行政处罚决定书（三联商社、张继升等6名责任人员）,2008年4月8日,[2008]23号,http://www.csrc.gov.cn/pub/zjhpublic/G00306212/200805/t20080519_24336.htm,2,1,三联商社,0,600898,
778,中国证监会行政处罚决定书（西昌电力、冯德荣等12名责任人员）,2008年4月23日,[2008]24号,http://www.csrc.gov.cn/pub/zjhpublic/G00306212/201003/t20100316_178400.htm,2,1,西昌电力,0,600505,
779,中国证监会行政处罚决定书（上海外高桥、史贤俊等6名责任人员）,2008年4月23日,[2008]25号,http://www.csrc.gov.cn/pub/zjhpublic/G00306212/200911/t20091112_167964.htm,2,1,上海外高桥,0,600648,
776,中国证监会行政处罚决定书（金荔科技、刘作超等7名责任人员）,2008年5月7日,[2008]26号,http://www.csrc.gov.cn/pub/zjhpublic/G00306212/201003/t20100304_177900.htm,2,1,金荔科技,1,600762,2001
777,中国证监会行政处罚决定书（大唐电信、周寰等20名责任人员）,2008年5月7日,[2008]28号,http://www.csrc.gov.cn/pub/zjhpublic/G00306212/200807/t20080704_25632.htm,2,1,大唐电信,0,600198,
771,中国证监会行政处罚决定书（格林期货、赵广钰、李明哲、赵立军）,2008年6月24日,[2008]32号,http://www.csrc.gov.cn/pub/zjhpublic/G00306212/200807/t20080718_25881.htm,1,1,格林期货,0,0,
772,中国证监会行政处罚决定书（中捷股份、蔡开坚、唐为斌）,2008年6月24日,[2008]31号,http://www.csrc.gov.cn/pub/zjhpublic/G00306212/200807/t20080718_25880.htm,2,1,中捷股份,0,2021,
770,中国证监会行政处罚决定书（阿城继、朱大萌等9名责任人员）,2008年7月2日,[2008]33号,http://www.csrc.gov.cn/pub/zjhpublic/G00306212/200902/t20090224_38257.htm,2,1,阿城继,0,0,
769,中国证监会行政处罚决定书（九发股份、蒋少庆等8名责任人员）,2008年7月14日,[2008]34号,http://www.csrc.gov.cn/pub/zjhpublic/G00306212/200904/t20090418_100986.htm,2,1,九发股份,0,600180,
767,中国证监会行政处罚决定书（陕西精密赵岗等8名责任人员）,2008年7月24日,[2008]36号,http://www.csrc.gov.cn/pub/zjhpublic/G00306212/200902/t20090224_38258.htm,2,1,陕西精密赵岗等8名责任人员,0,600092,1997
759,中国证监会行政处罚决定书（武汉新兰德、朱汉东、陈杰）,2008年10月31日,[2008]44号,http://www.csrc.gov.cn/pub/zjhpublic/G00306212/200901/t20090104_36656.htm,1,1,武汉新兰德,0,0,
758,中国证监会行政处罚决定书（大福投资）,2008年11月10日,[2008]45号,http://www.csrc.gov.cn/pub/zjhpublic/G00306212/200902/t20090224_38261.htm,2,1,大福投资,0,0,
756,中国证监会行政处罚决定书（长丰通信及覃辉等20名责任人员）,2008年11月19日,〔2008〕47号,http://www.csrc.gov.cn/pub/zjhpublic/G00306212/201001/t20100126_175945.htm,2,1,长丰通信,0,892,
753,中国证监会行政处罚决定书（兰光科技路有志等16名责任人员）,2008年12月11日,[2008]50号,http://www.csrc.gov.cn/pub/zjhpublic/G00306212/200901/t20090105_36683.htm,2,1,兰光科技路有志等16名责任人员,0,981,
748,中国证监会行政处罚决定书（圣雪绒侯羽乾、霍继红、房进贤、张航）,2009年1月15日,[2009]3号,http://www.csrc.gov.cn/pub/zjhpublic/G00306212/200905/t20090505_103140.htm,2,1,圣雪绒侯羽乾,0,982,
746,中国证监会行政处罚决定书（天目药业、章鹏飞、郑智强）,2009年2月1日,〔2009〕5号,http://www.csrc.gov.cn/pub/zjhpublic/G00306212/201104/t20110422_194634.htm,2,1,天目药业,0,600671,
747,中国证监会行政处罚决定书（四环药业金峰、余梅）,2009年2月1日,[2009]4号,http://www.csrc.gov.cn/pub/zjhpublic/G00306212/200905/t20090520_104764.htm,0,1,四环药业金峰,0,605,
744,中国证监会行政处罚决定书（中科证券张钢等4名责任人员）,2009年3月20日,[2009]8号,http://www.csrc.gov.cn/pub/zjhpublic/G00306212/200906/t20090614_107655.htm,2,1,中科证券张钢等4名责任人员,0,0,
743,中国证监会行政处罚决定书（酒鬼酒刘虹等9名责任人员）,2009年3月24日,[2009]7号,http://www.csrc.gov.cn/pub/zjhpublic/G00306212/200905/t20090520_104765.htm,2,1,酒鬼酒刘虹等9名责任人员,0,799,
742,中国证监会行政处罚决定书（中电广通、单昶等11名责任人员）,2009年3月30日,[2009]9号,http://www.csrc.gov.cn/pub/zjhpublic/G00306212/200905/t20090520_104766.htm,2,1,中电广通,0,600764,
741,中国证监会行政处罚决定书（北亚实业刘桦等6名责任人员）,2009年4月7日,[2009]10号,http://www.csrc.gov.cn/pub/zjhpublic/G00306212/200907/t20090727_119317.htm,2,1,北亚实业刘桦等6名责任人员,0,600705,
738,中国证监会行政处罚决定书（中核钛白程文水、刘延泽）,2009年4月16日,[2009]13号,http://www.csrc.gov.cn/pub/zjhpublic/G00306212/200905/t20090525_104937.htm,1,1,中核钛白程文水,0,2145,
736,中国证监会行政处罚决定书（四环药业、陈军等12名责任人员）,2009年5月5日,[2009]16号,http://www.csrc.gov.cn/pub/zjhpublic/G00306212/200906/t20090614_107654.htm,2,1,四环药业,0,605,
735,中国证监会行政处罚决定书（ST黄海赵建广）,2009年5月22日,[2009]17号,http://www.csrc.gov.cn/pub/zjhpublic/G00306212/200906/t20090623_108067.htm,0,1,ST黄海赵建广,0,600579,
733,中国证监会行政处罚决定书（正源和信、毕建华、刘彦顺）,2009年6月3日,[2009]19号,http://www.csrc.gov.cn/pub/zjhpublic/G00306212/200907/t20090728_119360.htm,2,1,正源和信,0,0,
734,中国证监会行政处罚决定书（德棉股份、李会江等14名责任人员）,2009年6月3日,[2009]18号,http://www.csrc.gov.cn/pub/zjhpublic/G00306212/200907/t20090728_119361.htm,2,1,德棉股份,0,2072,
732,中国证监会行政处罚决定书（金股之王马勇、刘博威）,2009年6月4日,[2009]20号,http://www.csrc.gov.cn/pub/zjhpublic/G00306212/200907/t20090715_118873.htm,1,1,金股之王马勇,0,0,
729,中国证监会行政处罚决定书（万国公司）,2009年6月19日,[2009]22号,http://www.csrc.gov.cn/pub/zjhpublic/G00306212/200909/t20090914_164335.htm,2,1,万国公司,0,0,
728,中国证监会行政处罚决定书（新光硅业吕道斌等5名责任人员）,2009年6月22日,[2009]24号,http://www.csrc.gov.cn/pub/zjhpublic/G00306212/200908/t20090819_121025.htm,1,1,新光硅业吕道斌等5名责任人员,0,0,
724,中国证监会行政处罚决定书（迪康药业、曾雁鸣、孙继林）,2009年7月17日,[2009]27号,http://www.csrc.gov.cn/pub/zjhpublic/G00306212/200909/t20090907_162625.htm,2,1,迪康药业,0,600466,
723,中国证监会行政处罚决定书（信邦投资）,2009年7月23日,[2009]29号,http://www.csrc.gov.cn/pub/zjhpublic/G00306212/200907/t20090731_119487.htm,1,1,信邦投资,0,0,
721,中国证监会行政处罚决定书（岑峰纺织、陆会忠）,2009年8月10日,[2009]31号,http://www.csrc.gov.cn/pub/zjhpublic/G00306212/200909/t20090915_164414.htm,1,1,岑峰纺织,0,0,
719,中国证监会行政处罚决定书（青海数码网络投资（集团）股份有限公司、钟小剑、张德雷等7名责任人员）,2009年8月27日,〔2009〕32号,http://www.csrc.gov.cn/pub/zjhpublic/G00306212/201508/t20150814_282821.htm,1,1,青海数码网络投资（集团）股份有限公司,0,578,
715,中国证监会行政处罚决定书（荣华实业、张严德等20名责任人员）,2009年9月10日,[2009]36号,http://www.csrc.gov.cn/pub/zjhpublic/G00306212/200911/t20091111_167886.htm,2,1,荣华实业,0,600311,
712,中国证监会行政处罚决定书（龙泉实业、龙泉国际大酒店、龙泉房地产、张佛恩）,2009年9月29日,〔2009〕39号,http://www.csrc.gov.cn/pub/zjhpublic/G00306212/201002/t20100225_177402.htm,2,1,"龙泉实业,龙泉国际大酒店,龙泉房地产",0,0,
713,中国证监会行政处罚决定书（西海集团、许德来、陈贤、陈旭）,2009年9月29日,[2009]38号,http://www.csrc.gov.cn/pub/zjhpublic/G00306212/200911/t20091111_167885.htm,1,1,西海集团,0,0,
711,中国证监会行政处罚决定书（夏新电子、苏振明等9名责任人员）,2009年10月14日,〔2009〕40号,http://www.csrc.gov.cn/pub/zjhpublic/G00306212/201002/t20100225_177398.htm,2,1,夏新电子,0,600057,
709,中国证监会行政处罚决定书（创智科技、丁亮等10名责任人员）,2009年10月26日,〔2009〕42号,http://www.csrc.gov.cn/pub/zjhpublic/G00306212/201002/t20100225_177394.htm,0,1,创智科技,0,787,
697,中国证监会行政处罚决定书（北京华天地等4家机构、杜丽贤、卓彬彬）,2009年12月14日,〔2009〕50号,http://www.csrc.gov.cn/pub/zjhpublic/G00306212/201001/t20100125_175877.htm,1,1,北京华天地,0,0,
698,中国证监会行政处罚决定书（贤成实业、黄贤优等9名责任人员）,2009年12月14日,〔2009〕55号,http://www.csrc.gov.cn/pub/zjhpublic/G00306212/201001/t20100125_175860.htm,2,1,贤成实业,0,600381,
701,中国证监会行政处罚决定书（金荔科技刘作超等5名责任人员）,2009年12月14日,〔2009〕51号,http://www.csrc.gov.cn/pub/zjhpublic/G00306212/201002/t20100201_176221.htm,2,1,金荔科技刘作超等5名责任人员,0,600762,
693,中国证监会行政处罚决定书（华鼎财经、曹军等10名责任人员）,2009年12月31日,〔2009〕58号,http://www.csrc.gov.cn/pub/zjhpublic/G00306212/201012/t20101203_188291.htm,0,1,华鼎财经,0,0,
694,中国证监会行政处罚决定书（观海观潮、刘开斌等9名责任人员）,2009年12月31日,〔2009〕57号,http://www.csrc.gov.cn/pub/zjhpublic/G00306212/201012/t20101203_188290.htm,1,1,观海观潮,0,0,
695,中国证监会行政处罚决定书（智多盈、黄建等4名责任人员）,2009年12月31日,（2009）56号,http://www.csrc.gov.cn/pub/zjhpublic/G00306212/201012/t20101203_188287.htm,1,1,智多盈,0,0,
692,中国证监会行政处罚决定书（丹化股份、梁健等12名责任人员）,2010年1月6日,〔2010〕1号,http://www.csrc.gov.cn/pub/zjhpublic/G00306212/201009/t20100909_184532.htm,2,1,丹化股份,0,498,2002
684,中国证监会行政处罚决定书（泰阳期货、刘丹岳、王强、陈淼）,2010年2月11日,〔2010〕3号,http://www.csrc.gov.cn/pub/zjhpublic/G00306212/201004/t20100420_179469.htm,2,1,泰阳期货,0,0,
685,中国证监会行政处罚决定书（天一科技、周达苏等8人）,2010年2月11日,〔2010〕4号,http://www.csrc.gov.cn/pub/zjhpublic/G00306212/201003/t20100324_178718.htm,2,1,天一科技,1,0,
686,中国证监会行政处罚决定书（东鼎投资、邵东明、毛建平）,2010年2月11日,〔2010〕5号,http://www.csrc.gov.cn/pub/zjhpublic/G00306212/201003/t20100324_178717.htm,2,1,东鼎投资,0,0,
687,中国证监会行政处罚决定书（聚友网络、陈健等10名责任人员）,2010年2月11日,〔2010〕8号,http://www.csrc.gov.cn/pub/zjhpublic/G00306212/201105/t20110504_195068.htm,0,1,聚友网络,0,693,
688,中国证监会行政处罚决定书（湖北迈亚叶金堂等14名责任人员）,2010年2月11日,〔2010〕7号,http://www.csrc.gov.cn/pub/zjhpublic/G00306212/201105/t20110509_195205.htm,2,1,湖北迈亚叶金堂等14名责任人员,0,971,
689,中国证监会行政处罚决定书（威达股份、吕建中等11名责任人员）,2010年2月11日,〔2010〕6号,http://www.csrc.gov.cn/pub/zjhpublic/G00306212/201109/t20110929_200233.htm,2,1,威达股份,0,603,2004
683,中国证监会行政处罚决定书（南京中北、郭试平等7名责任人员）,2010年3月19日,（2010）10号,http://www.csrc.gov.cn/pub/zjhpublic/G00306212/201005/t20100506_180071.htm,2,1,南京中北,0,421,
678,中国证监会行政处罚决定书（深物业）,2010年4月6日,（2010）12号,http://www.csrc.gov.cn/pub/zjhpublic/G00306212/201006/t20100608_181255.htm,2,1,深物业,0,11,
679,中国证监会行政处罚决定书（科苑集团、吴立平、周润南）,2010年4月6日,（2010）15号,http://www.csrc.gov.cn/pub/zjhpublic/G00306212/201007/t20100702_182143.htm,2,1,科苑集团,0,979,
680,中国证监会行政处罚决定书（四维控股、雷刚等11名责任人员）,2010年4月6日,（2010）14号,http://www.csrc.gov.cn/pub/zjhpublic/G00306212/201005/t20100520_180726.htm,2,1,四维控股,0,600145,
681,中国证监会行政处罚决定书（上海科技、张杰等9名责任人员）,2010年4月6日,（2010）13号,http://www.csrc.gov.cn/pub/zjhpublic/G00306212/201008/t20100820_183726.htm,2,1,上海科技,0,600608,
677,中国证监会行政处罚决定书（东盛科技、郭家学等15名责任人员）,2010年4月13日,（2010）17号,http://www.csrc.gov.cn/pub/zjhpublic/G00306212/201007/t20100728_182996.htm,2,1,东盛科技,0,600771,
673,中国证监会行政处罚决定书（健桥证券李良清、李先路）,2010年5月4日,（2010）20号,http://www.csrc.gov.cn/pub/zjhpublic/G00306212/201105/t20110504_195062.htm,1,1,健桥证券李良清,0,0,
674,中国证监会行政处罚决定书（洞庭水殖、罗祖亮等8名责任人员）,2010年5月4日,（2010）19号,http://www.csrc.gov.cn/pub/zjhpublic/G00306212/201508/t20150817_282870.htm,2,1,洞庭水殖,0,600257,
672,中国证监会行政处罚决定书（两面针、梁英奇等9名责任人员）,2010年5月26日,（2010）21号,http://www.csrc.gov.cn/pub/zjhpublic/G00306212/201102/t20110221_192068.htm,2,1,两面针,0,600249,
671,中国证监会行政处罚决定书（辽源得亨、辽河纺织、由春玲、赵利）,2010年6月23日,（2010）22号,http://www.csrc.gov.cn/pub/zjhpublic/G00306212/201009/t20100909_184533.htm,0,1,"辽源得亨,辽河纺织",0,0,
669,中国证监会行政处罚决定书（上海中润、汤雪军等5名责任人员）,2010年7月7日,（2010）24号,http://www.csrc.gov.cn/pub/zjhpublic/G00306212/201112/t20111214_203577.htm,1,1,上海中润,0,0,
668,中国证监会行政处罚决定书（上海天力、深圳前沿、熊碧波等13名责任人员）,2010年7月12日,(2010)25号,http://www.csrc.gov.cn/pub/zjhpublic/G00306212/201012/t20101203_188293.htm,2,1,"上海天力,深圳前沿",0,0,
660,中国证监会行政处罚决定书（远东股份、李晓卫等11名责任人员）,2010年8月20日,（2010）33号,http://www.csrc.gov.cn/pub/zjhpublic/G00306212/201105/t20110509_195207.htm,2,1,远东股份,0,681,
657,中国证监会行政处罚决定书（银河集团、苏州银河、盛银投资、潘琦等5名责任人员）,2010年10月9日,（2010）36号,http://www.csrc.gov.cn/pub/zjhpublic/G00306212/201011/t20101115_187148.htm,1,1,"银河集团,苏州银河,盛银投资",0,0,
656,中国证监会行政处罚决定书（广州攀达、赵伟平）,2010年11月15日,[2010]38号,http://www.csrc.gov.cn/pub/zjhpublic/G00306212/201101/t20110118_190815.htm,1,1,广州攀达,0,0,
655,中国证监会行政处罚决定书（北孚集团、秦少秋、倪锋、柳驰威）,2010年11月19日,(2010)40号,http://www.csrc.gov.cn/pub/zjhpublic/G00306212/201012/t20101224_189065.htm,0,1,北孚集团,0,0,
652,中国证监会行政处罚决定书（银通房产、石亚君）,2010年12月3日,〔2010〕41号,http://www.csrc.gov.cn/pub/zjhpublic/G00306212/201102/t20110223_192240.htm,1,1,银通房产,0,0,
653,中国证监会行政处罚决定书（华伦集团、陈建龙）,2010年12月3日,〔2010〕43号,http://www.csrc.gov.cn/pub/zjhpublic/G00306212/201101/t20110118_190817.htm,1,1,华伦集团,0,0,
654,中国证监会行政处罚决定书（四川金顶、陈建龙等4名责任人员）,2010年12月3日,〔2010〕42号,http://www.csrc.gov.cn/pub/zjhpublic/G00306212/201101/t20110118_190816.htm,2,1,四川金顶,0,600678,
650,中国证监会行政处罚决定书（科翰投资、郑斌）,2010年12月6日,〔2010〕45号,http://www.csrc.gov.cn/pub/zjhpublic/G00306212/201102/t20110223_192242.htm,1,1,科翰投资,0,0,
645,中国证监会行政处罚决定书（华夏建通、方林、尚智勇等11名责任人员）,2010年12月9日,〔2010〕46号,http://www.csrc.gov.cn/pub/zjhpublic/G00306212/201105/t20110504_195064.htm,2,1,华夏建通,0,600149,
647,中国证监会行政处罚决定书（杭州金伟、金国强）,2010年12月9日,〔2010〕48号,http://www.csrc.gov.cn/pub/zjhpublic/G00306212/201101/t20110105_190097.htm,1,1,杭州金伟,0,0,
648,中国证监会行政处罚决定书（杭州昌瑞、董勤）,2010年12月9日,〔2010〕49号,http://www.csrc.gov.cn/pub/zjhpublic/G00306212/201101/t20110105_190098.htm,1,1,杭州昌瑞,0,0,
649,中国证监会行政处罚决定书（东晖公司）,2010年12月9日,〔2010〕50号,http://www.csrc.gov.cn/pub/zjhpublic/G00306212/201102/t20110217_191986.htm,1,1,东晖公司,0,0,
640,中国证监会行政处罚决定书（天目药业、章鹏飞等11名责任人员）,2011年1月6日,（2011）2号,http://www.csrc.gov.cn/pub/zjhpublic/G00306212/201105/t20110513_195426.htm,2,1,天目药业,1,0,
638,中国证监会行政处罚决定书（北海港、天津德利得、王学利等15名责任人员）,2011年1月10日,（2011）3号,http://www.csrc.gov.cn/pub/zjhpublic/G00306212/201107/t20110705_197069.htm,2,1,"北海港,天津德利得",0,0,
633,中国证监会行政处罚决定书（ST东碳、黄彬）,2011年1月21日,（2011）7号,http://www.csrc.gov.cn/pub/zjhpublic/G00306212/201105/t20110509_195210.htm,0,1,ST东碳,0,600691,
634,中国证监会行政处罚决定书（天津大通、逯鹰、贾维忠、霍峰）,2011年1月21日,（2011）5号,http://www.csrc.gov.cn/pub/zjhpublic/G00306212/201105/t20110509_195208.htm,2,1,天津大通,0,0,
635,中国证监会行政处罚决定书（三五九期货、袁拥农、钱光炳）,2011年1月21日,（2011）6号,http://www.csrc.gov.cn/pub/zjhpublic/G00306212/201102/t20110224_192296.htm,2,1,三五九期货,0,600815,2006
636,中国证监会行政处罚决定书（江苏现代）,2011年1月21日,（2011）8号,http://www.csrc.gov.cn/pub/zjhpublic/G00306212/201105/t20110509_195189.htm,2,1,江苏现代,0,0,
628,中国证监会行政处罚决定书（海螺集团、海螺建材、海螺工会、朱忠平）,2011年3月17日,（2011）11号,http://www.csrc.gov.cn/pub/zjhpublic/G00306212/201105/t20110504_195070.htm,1,1,"海螺集团,海螺建材,海螺工会",0,0,
629,中国证监会行政处罚决定书（蚌埠建投）,2011年3月17日,〔2011〕12号,http://www.csrc.gov.cn/pub/zjhpublic/G00306212/201105/t20110504_195072.htm,1,1,蚌埠建投,0,0,
630,中国证监会行政处罚决定书（睿信锦达、兰宇、刘进）,2011年3月17日,（2011）13号,http://www.csrc.gov.cn/pub/zjhpublic/G00306212/201105/t20110509_195190.htm,1,1,睿信锦达,0,0,
627,中国证监会行政处罚决定书（大富投资、新思路投资）,2011年3月29日,（2011）14号,http://www.csrc.gov.cn/pub/zjhpublic/G00306212/201105/t20110509_195209.htm,1,1,"大富投资,新思路投资",0,0,
624,中国证监会行政处罚决定书（五粮液、唐桥等8名责任人员）,2011年4月29日,（2011）17号,http://www.csrc.gov.cn/pub/zjhpublic/G00306212/201105/t20110530_195958.htm,2,1,五粮液,0,858,
621,中国证监会行政处罚决定书（银河科技、潘琦等15名责任人员）,2011年5月25日,〔2011〕19号,http://www.csrc.gov.cn/pub/zjhpublic/G00306212/201107/t20110707_197225.htm,2,1,银河科技,0,806,
619,中国证监会行政处罚决定书（钱江摩托、林华中等4名责任人员）,2011年6月9日,〔2011〕22号,http://www.csrc.gov.cn/pub/zjhpublic/G00306212/201107/t20110718_197604.htm,1,1,钱江摩托,0,913,
616,中国证监会行政处罚决定书（杭州绫绣、丁国忠等4名责任人员）,2011年6月16日,〔2011〕25号,http://www.csrc.gov.cn/pub/zjhpublic/G00306212/201109/t20110923_199952.htm,1,1,杭州绫绣,0,0,
614,中国证监会行政处罚决定书（亿洲经贸）,2011年6月29日,〔2011〕27号,http://www.csrc.gov.cn/pub/zjhpublic/G00306212/201108/t20110802_198434.htm,1,1,亿洲经贸,0,0,
611,中国证监会行政处罚决定书（江苏沙钢）,2011年7月18日,〔2011〕31号,http://www.csrc.gov.cn/pub/zjhpublic/G00306212/201108/t20110829_199191.htm,1,1,江苏沙钢,0,2075,
607,中国证监会行政处罚决定书（同方投资、朱振华）,2011年8月25日,〔2011〕35号,http://www.csrc.gov.cn/pub/zjhpublic/G00306212/201202/t20120201_205196.htm,1,1,同方投资,0,0,
605,中国证监会行政处罚决定书（中兴华、张学锋等3名责任人）,2011年8月29日,〔2011〕37号,http://www.csrc.gov.cn/pub/zjhpublic/G00306212/201205/t20120511_209892.htm,2,1,中兴华,0,0,
606,中国证监会行政处罚决定书（ST方源、麦校勋等9名责任人）,2011年8月29日,〔2011〕36号,http://www.csrc.gov.cn/pub/zjhpublic/G00306212/201205/t20120511_209891.htm,2,1,ST方源,0,600656,2006
604,中国证监会行政处罚决定书（科达股份、刘双珉等13名责任人员）,2011年9月8日,〔2011〕38号,http://www.csrc.gov.cn/pub/zjhpublic/G00306212/201112/t20111226_204148.htm,2,1,科达股份,0,600986,
602,中国证监会行政处罚决定书（新天通、乔金都）,2011年9月9日,〔2011〕40号,http://www.csrc.gov.cn/pub/zjhpublic/G00306212/201111/t20111107_201496.htm,1,1,新天通,0,0,
603,中国证监会行政处罚决定书（安妮股份、张杰等4名责任人员）,2011年9月9日,〔2011〕39号,http://www.csrc.gov.cn/pub/zjhpublic/G00306212/201110/t20111019_200843.htm,2,1,安妮股份,0,2235,
599,中国证监会行政处罚决定书（深圳天寅、甘肃宝信、成都双新、李鸿雁等4名责任人员）,2011年9月23日,〔2011〕43号,http://www.csrc.gov.cn/pub/zjhpublic/G00306212/201112/t20111231_204358.htm,2,1,"深圳天寅,甘肃宝信,成都双新",0,0,
598,中国证监会行政处罚决定书（新理益集团、刘益谦、薛飞）,2011年10月8日,〔2011〕44号,http://www.csrc.gov.cn/pub/zjhpublic/G00306212/201112/t20111202_202554.htm,1,1,新理益集团,0,0,
597,中国证监会行政处罚决定书（新港公司、任红）,2011年10月26日,〔2011〕45号,http://www.csrc.gov.cn/pub/zjhpublic/G00306212/201201/t20120105_204497.htm,2,1,新港公司,0,0,
596,中国证监会行政处罚决定书（江苏三友、张璞、葛秋等8名责任人员）,2011年11月4日,〔2011〕46号,http://www.csrc.gov.cn/pub/zjhpublic/G00306212/201112/t20111227_204195.htm,2,1,江苏三友,0,2044,
595,中国证监会行政处罚决定书（天海股份、李维艰、宋兴庭等9名责任人员）,2011年11月8日,〔2011〕47号,http://www.csrc.gov.cn/pub/zjhpublic/G00306212/201111/t20111129_202408.htm,0,1,天海股份,0,0,
594,中国证监会行政处罚决定书（寰岛股份、张燕瑾、王思民等12名责任人员）,2011年11月9日,〔2011〕48号,http://www.csrc.gov.cn/pub/zjhpublic/G00306212/201111/t20111129_202411.htm,0,1,寰岛股份,0,691,
591,中国证监会行政处罚决定书（惠顺装饰、梁然宁）,2011年11月29日,〔2011〕51号,http://www.csrc.gov.cn/pub/zjhpublic/G00306212/201202/t20120209_205437.htm,1,1,惠顺装饰,0,0,
590,中国证监会行政处罚决定书（沧州化工、周振德等11名责任人）,2011年12月6日,〔2011〕53号,http://www.csrc.gov.cn/pub/zjhpublic/G00306212/201205/t20120511_209895.htm,2,1,沧州化工,0,600722,
587,中国证监会行政处罚决定书（光华基金会、任晋阳、梁范栋）,2011年12月13日,〔2011〕56号,http://www.csrc.gov.cn/pub/zjhpublic/G00306212/201201/t20120119_205030.htm,0,1,光华基金会,0,0,
588,中国证监会行政处罚决定书（领先集团、李建新、刘建钢、范春明）,2011年12月13日,〔2011〕55号,http://www.csrc.gov.cn/pub/zjhpublic/G00306212/201201/t20120119_205029.htm,0,1,领先集团,0,0,
589,中国证监会行政处罚决定书（九龙山国旅、RESORT公司、OCEAN公司）,2011年12月13日,〔2011〕54号,http://www.csrc.gov.cn/pub/zjhpublic/G00306212/201201/t20120119_205028.htm,1,1,"九龙山国旅,RESORT公司,OCEAN公司",0,0,
582,中国证监会行政处罚决定书（ST昌鱼、翦英海、王晓东、吴迪真等10名责任人）,2012年2月3日,〔2012〕4号,http://www.csrc.gov.cn/pub/zjhpublic/G00306212/201203/t20120328_207846.htm,2,1,ST昌鱼,0,600275,
583,中国证监会行政处罚决定书（周和华―科达机电）,2012年2月3日,〔2012〕3号,http://www.csrc.gov.cn/pub/zjhpublic/G00306212/201203/t20120306_206753.htm,2,1,周和华―科达机电,0,0,
581,中国证监会行政处罚决定书（京博控股、马韵升）,2012年2月25日,〔2012〕6号,http://www.csrc.gov.cn/pub/zjhpublic/G00306212/201203/t20120327_207813.htm,2,1,京博控股,0,0,
580,中国证监会行政处罚决定书（上海宏盛科技、龙长生、鞠淑芝、沈哲男）,2012年3月22日,〔2012〕7号,http://www.csrc.gov.cn/pub/zjhpublic/G00306212/201212/t20121214_219238.htm,2,1,上海宏盛科技,0,600817,
579,中国证监会行政处罚决定书（中投合拓、邹毅）,2012年4月13日,〔2012〕8号,http://www.csrc.gov.cn/pub/zjhpublic/G00306212/201212/t20121214_219239.htm,1,1,中投合拓,0,0,
578,中国证监会行政处罚决定书（紫金矿业、陈景河、罗映南等7名责任人员）,2012年4月20日,〔2012〕10号,http://www.csrc.gov.cn/pub/zjhpublic/G00306212/201205/t20120525_210577.htm,1,1,紫金矿业,0,601899,
576,中国证监会行政处罚决定书（山东鲁北化工、冯久田、袁金亮等14名责任人员）,2012年4月26日,〔2012〕11号,http://www.csrc.gov.cn/pub/zjhpublic/G00306212/201206/t20120627_212028.htm,2,1,山东鲁北化工,0,600727,
572,中国证监会行政处罚决定书（胶南粮库、刘玉江）,2012年5月15日,〔2012〕15号,http://www.csrc.gov.cn/pub/zjhpublic/G00306212/201207/t20120731_213267.htm,1,1,胶南粮库,0,0,
570,中国证监会行政处罚决定书（湖南天润、赖淦锋、彭朝晖、戴浪涛、罗林雄）,2012年5月21日,〔2012〕18号,http://www.csrc.gov.cn/pub/zjhpublic/G00306212/201208/t20120816_213872.htm,2,1,湖南天润,0,2133,
571,中国证监会行政处罚决定书（亚星化学、陈华森、张福涛等14名责任人）,2012年5月21日,〔2012〕16号,http://www.csrc.gov.cn/pub/zjhpublic/G00306212/201212/t20121214_219240.htm,2,1,亚星化学,0,600319,
568,中国证监会行政处罚决定书（瀚宇投资、夏自强）,2012年5月23日,〔2012〕19号,http://www.csrc.gov.cn/pub/zjhpublic/G00306212/201207/t20120726_213156.htm,0,1,瀚宇投资,0,0,
567,中国证监会行政处罚决定书（彩虹精化、陈永弟、李化春等6名责任人员）,2012年5月24日,〔2012〕20号,http://www.csrc.gov.cn/pub/zjhpublic/G00306212/201209/t20120906_214531.htm,2,1,彩虹精化,0,2256,
562,中国证监会行政处罚决定书（海星科技）,2012年6月13日,〔2012〕25号,http://www.csrc.gov.cn/pub/zjhpublic/G00306212/201207/t20120731_213271.htm,0,1,海星科技,0,600185,
557,中国证监会行政处罚决定书（宁波富邦、郑锦浩、华声康等7名责任人）,2012年6月27日,〔2012〕27号,http://www.csrc.gov.cn/pub/zjhpublic/G00306212/201210/t20121008_215520.htm,2,1,宁波富邦,0,600768,
560,中国证监会行政处罚决定书（劲嘉股份、庄德智、沈海祥）,2012年6月27日,〔2012〕29号,http://www.csrc.gov.cn/pub/zjhpublic/G00306212/201302/t20130222_221467.htm,2,1,劲嘉股份,0,2191,
555,中国证监会行政处罚决定书（上海丰润、赵海云）,2012年7月10日,〔2012〕32号,http://www.csrc.gov.cn/pub/zjhpublic/G00306212/201211/t20121119_217029.htm,1,1,上海丰润,0,0,
552,中国证监会行政处罚决定书（山东华阳科技股份有限公司、刘敬路、闫新华等14名责任人）,2012年8月1日,〔2012〕34号,http://www.csrc.gov.cn/pub/zjhpublic/G00306212/201303/t20130321_222509.htm,2,1,山东华阳科技股份有限公司,0,600532,
550,中国证监会行政处罚决定书（浙江宋都控股有限公司）,2012年8月22日,〔2012〕39号,http://www.csrc.gov.cn/pub/zjhpublic/G00306212/201211/t20121119_217025.htm,2,1,浙江宋都控股有限公司,0,600077,
543,中国证监会行政处罚决定书（岳阳兴长石化股份有限公司）,2012年9月25日,〔2012〕45号,http://www.csrc.gov.cn/pub/zjhpublic/G00306212/201212/t20121214_219246.htm,2,1,岳阳兴长石化股份有限公司,0,819,
539,中国证监会行政处罚决定书（江苏炎黄在线物流股份有限公司、王云、何为民等5名责任人）,2012年12月3日,〔2012〕48号,http://www.csrc.gov.cn/pub/zjhpublic/G00306212/201304/t20130418_227309.htm,2,1,江苏炎黄在线物流股份有限公司,0,805,
536,中国证监会行政处罚决定书（深圳万基集团有限公司、陈伟东）,2012年12月13日,〔2012〕50号,http://www.csrc.gov.cn/pub/zjhpublic/G00306212/201303/t20130306_221897.htm,1,1,深圳万基集团有限公司,0,0,
534,中国证监会行政处罚决定书（宝安鸿基地产集团股份有限公司、邱瑞亨、任国强等15名责任人）,2012年12月17日,〔2012〕53号,http://www.csrc.gov.cn/pub/zjhpublic/G00306212/201303/t20130321_222506.htm,2,1,宝安鸿基地产集团股份有限公司,0,40,
531,中国证监会行政处罚决定书(浙江星火投资有限公司、施杭新),2012年12月28日,〔2012〕56号,http://www.csrc.gov.cn/pub/zjhpublic/G00306212/201302/t20130222_221476.htm,2,1,浙江星火投资有限公司,0,0,
528,中国证监会行政处罚决定书(潍坊亚星化学股份有限公司、陈华森、曹希波等23名责任人),2013年1月23日,〔2013〕3号,http://www.csrc.gov.cn/pub/zjhpublic/G00306212/201304/t20130402_222994.htm,2,1,潍坊亚星化学股份有限公司,0,600319,
522,中国证监会行政处罚决定书（紫光古汉集团股份有限公司、郭元林、刘箭等8名责任人）,2013年2月19日,〔2013〕9号,http://www.csrc.gov.cn/pub/zjhpublic/G00306212/201306/t20130606_229096.htm,2,1,紫光古汉集团股份有限公司,0,590,
519,中国证监会行政处罚决定书(马鞍山同辉纸制品股份有限公司、王德贤),2013年3月7日,〔2013〕11号,http://www.csrc.gov.cn/pub/zjhpublic/G00306212/201304/t20130402_222995.htm,1,1,马鞍山同辉纸制品股份有限公司,0,0,
518,中国证监会行政处罚决定书（郑州工银信典当有限公司、孙学东）,2013年3月8日,〔2013〕12号,http://www.csrc.gov.cn/pub/zjhpublic/G00306212/201312/t20131206_239399.htm,1,1,郑州工银信典当有限公司,0,0,
511,中国证监会行政处罚决定书(深圳市朗科科技股份有限公司、成晓华、王全祥),2013年4月18日,〔2013〕17号,http://www.csrc.gov.cn/pub/zjhpublic/G00306212/201307/t20130702_230125.htm,1,1,深圳市朗科科技股份有限公司,0,300042,
504,中国证监会行政处罚决定书(云南绿大地生物科技股份有限公司、赵国权、胡虹等12名责任人),2013年5月13日,〔2013〕23号,http://www.csrc.gov.cn/pub/zjhpublic/G00306212/201307/t20130726_231829.htm,2,1,云南绿大地生物科技股份有限公司,0,2200,
498,中国证监会行政处罚决定书(上海仪电控股（集团）有限公司),2013年8月2日,[2013] 33号,http://www.csrc.gov.cn/pub/zjhpublic/G00306212/201311/t20131108_237609.htm,2,1,上海仪电控股（集团）有限公司),0,0,
487,中国证监会行政处罚决定书（万福生科（湖南）农业开发股份有限公司、龚永福、严平贵等21名责任人）,2013年9月24日,〔2013〕47号,http://www.csrc.gov.cn/pub/zjhpublic/G00306212/201311/t20131129_238995.htm,2,1,万福生科（湖南）农业开发股份有限公司,0,300268,
484,中国证监会行政处罚决定书（山西天能科技股份有限公司、秦海滨、曾坚强等15名责任人）,2013年9月25日,〔2013〕43号,http://www.csrc.gov.cn/pub/zjhpublic/G00306212/201311/t20131101_237364.htm,0,1,山西天能科技股份有限公司,0,0,
478,中国证监会行政处罚决定书（广东新大地生物科技股份有限公司、黄运江、凌梅兰等16名责任人）,2013年10月15日,〔2013〕53号,http://www.csrc.gov.cn/pub/zjhpublic/G00306212/201311/t20131115_238374.htm,2,1,广东新大地生物科技股份有限公司,0,0,
469,中国证监会行政处罚决定书（成都海天鸿实业发展有限公司、曾林）,2013年11月27日,〔2013〕63号,http://www.csrc.gov.cn/pub/zjhpublic/G00306212/201312/t20131216_239943.htm,0,1,成都海天鸿实业发展有限公司,0,0,
464,中国证监会行政处罚决定书（海南大印集团有限公司、海南龙盘园农业投资有限公司、海南万嘉实业有限公司等6名责任人）,2013年12月10日,〔2013〕67号,http://www.csrc.gov.cn/pub/zjhpublic/G00306212/201401/t20140124_243101.htm,2,1,"海南大印集团有限公司,海南龙盘园农业投资有限公司,海南万嘉实业有限公司等6名责任人",0,0,
458,中国证监会行政处罚决定书（四川省华谊实业有限责任公司、余华、余明）,2013年12月11日,〔2013〕68号,http://www.csrc.gov.cn/pub/zjhpublic/G00306212/201403/t20140326_246125.htm,1,1,四川省华谊实业有限责任公司,0,0,
460,中国证监会行政处罚决定书（杭州天目山药业股份有限公司、章鹏飞、范建国等4名责任人）,2013年12月11日,〔2013〕69号,http://www.csrc.gov.cn/pub/zjhpublic/G00306212/201401/t20140123_243076.htm,1,1,杭州天目山药业股份有限公司,0,600671,
457,中国证监会行政处罚决定书（汉王科技股份有限公司、刘迎建、张学军）,2013年12月12日,〔2013〕75号,http://www.csrc.gov.cn/pub/zjhpublic/G00306212/201312/t20131223_240204.htm,2,1,汉王科技股份有限公司,0,2362,
435,中国证监会行政处罚决定书（河南天丰节能板材科技股份有限公司、李续禄、孙玉玲等19名责任人）,2014年2月12日,〔2014〕19号,http://www.csrc.gov.cn/pub/zjhpublic/G00306212/201404/t20140414_246925.htm,0,1,河南天丰节能板材科技股份有限公司,0,0,
430,中国证监会行政处罚决定书（江阴市汇金铜业有限公司、赵凤娣）,2014年2月13日,〔2014〕23号,http://www.csrc.gov.cn/pub/zjhpublic/G00306212/201403/t20140314_245497.htm,1,1,江阴市汇金铜业有限公司,0,0,
431,中国证监会行政处罚决定书（紫鑫药业股份有限公司、郭春生、曹恩辉等9名责任人）,2014年2月13日,〔2014〕24号,http://www.csrc.gov.cn/pub/zjhpublic/G00306212/201403/t20140304_244960.htm,2,1,紫鑫药业股份有限公司,0,2118,
427,中国证监会行政处罚决定书（青海贤成矿业股份有限公司、臧静涛、吴茂成等13名责任人）,2014年2月24日,〔2014〕27号,http://www.csrc.gov.cn/pub/zjhpublic/G00306212/201404/t20140418_247309.htm,2,1,青海贤成矿业股份有限公司,0,600381,
419,中国证监会行政处罚决定书（厦门宝拓资源有限公司、陈云卿、苏新）,2014年3月26日,〔2014〕35号,http://www.csrc.gov.cn/pub/zjhpublic/G00306212/201610/t20161014_304573.htm,1,1,厦门宝拓资源有限公司,0,0,
413,中国证监会行政处罚决定书（浙江恒逸集团有限公司、楼翔）,2014年4月29日,〔2014〕41号,http://www.csrc.gov.cn/pub/zjhpublic/G00306212/201406/t20140618_256311.htm,0,1,浙江恒逸集团有限公司,0,703,
411,中国证监会行政处罚决定书（南京纺织品进出口股份有限公司、单晓钟、丁杰等13名责任人）,2014年4月30日,〔2014〕42号,http://www.csrc.gov.cn/pub/zjhpublic/G00306212/201407/t20140707_257345.htm,2,1,南京纺织品进出口股份有限公司,0,600250,
402,中国证监会行政处罚决定书（四川科伦药业股份有限公司、刘革新、程志鹏等12名责任人）,2014年5月21日,〔2014〕49号,http://www.csrc.gov.cn/pub/zjhpublic/G00306212/201407/t20140708_257479.htm,2,1,四川科伦药业股份有限公司,0,2422,
404,中国证监会行政处罚决定书（河南莲花味精股份有限公司、郑献锋、高君等20名责任人）,2014年5月21日,〔2014〕51号,http://www.csrc.gov.cn/pub/zjhpublic/G00306212/201408/t20140820_259413.htm,0,1,河南莲花味精股份有限公司,0,600186,
388,中国证监会行政处罚决定书（新疆中基实业股份有限公司、刘一、文勇等8名责任人）,2014年6月27日,〔2014〕68号,http://www.csrc.gov.cn/pub/zjhpublic/G00306212/201409/t20140919_260655.htm,2,1,新疆中基实业股份有限公司,0,972,
392,中国证监会行政处罚决定书（新疆金石置业投资集团有限公司）,2014年6月27日,〔2014〕67号,http://www.csrc.gov.cn/pub/zjhpublic/G00306212/201410/t20141017_261913.htm,2,1,新疆金石置业投资集团有限公司,0,0,
386,中国证监会行政处罚决定书（河北宝硕股份有限公司、周山、闫海清等10名责任人）,2014年7月1日,〔2014〕69号,http://www.csrc.gov.cn/pub/zjhpublic/G00306212/201409/t20140919_260656.htm,2,1,河北宝硕股份有限公司,0,600155,
380,中国证监会行政处罚决定书（华塑控股股份有限公司、邢乐成、王苏等11名责任人）,2014年8月14日,〔2014〕75号,http://www.csrc.gov.cn/pub/zjhpublic/G00306212/201410/t20141017_261914.htm,0,1,华塑控股股份有限公司,0,509,
379,中国证监会行政处罚决定书（黄石东贝机电集团有限责任公司、杨百昌、朱金明等5名责任人）,2014年8月18日,〔2014〕76号,http://www.csrc.gov.cn/pub/zjhpublic/G00306212/201410/t20141014_261778.htm,2,1,黄石东贝机电集团有限责任公司,0,0,
373,中国证监会行政处罚决定书（四川大地实业集团有限公司）,2014年9月28日,〔2014〕81号,http://www.csrc.gov.cn/pub/zjhpublic/G00306212/201411/t20141118_263529.htm,1,1,四川大地实业集团有限公司,0,0,
374,中国证监会行政处罚决定书（上海康达化工新材料股份有限公司、陆企亭、陆天耘等4名责任人）,2014年9月28日,〔2014〕82号,http://www.csrc.gov.cn/pub/zjhpublic/G00306212/201411/t20141106_263013.htm,2,1,上海康达化工新材料股份有限公司,0,2699,
368,中国证监会行政处罚决定书（浙江宏磊铜业股份有限公司、戚建萍、戚建华等12名责任人）,2014年10月22日,〔2014〕89号,http://www.csrc.gov.cn/pub/zjhpublic/G00306212/201412/t20141210_264927.htm,2,1,浙江宏磊铜业股份有限公司,0,2647,
362,中国证监会行政处罚决定书（内蒙古四海科技股份有限公司、濮黎明、罗守伟）,2014年11月13日,〔2014〕92号,http://www.csrc.gov.cn/pub/zjhpublic/G00306212/201412/t20141204_264687.htm,0,1,内蒙古四海科技股份有限公司,0,611,
363,中国证监会行政处罚决定书（浙江大东南集团有限公司）,2014年11月13日,〔2014〕91号,http://www.csrc.gov.cn/pub/zjhpublic/G00306212/201412/t20141211_264963.htm,1,1,浙江大东南集团有限公司,0,2263,
361,中国证监会行政处罚决定书（深圳海联讯科技股份有限公司、章锋、邢文飚等18名责任人）,2014年11月14日,〔2014〕94号,http://www.csrc.gov.cn/pub/zjhpublic/G00306212/201412/t20141215_265057.htm,0,1,深圳海联讯科技股份有限公司,0,300277,
358,中国证监会行政处罚决定书（广西北生药业股份有限公司、刘俊奕、姚全等6名责任人）,2014年11月15日,〔2014〕95号,http://www.csrc.gov.cn/pub/zjhpublic/G00306212/201505/t20150526_277852.htm,2,1,广西北生药业股份有限公司,0,600556,
356,中国证监会行政处罚决定书（亨通集团有限公司、王宏涛）,2014年11月27日,〔2014〕99号,http://www.csrc.gov.cn/pub/zjhpublic/G00306212/201412/t20141216_265114.htm,1,1,亨通集团有限公司,0,600487,
351,中国证监会行政处罚决定书（振兴生化股份有限公司、史跃武、原建民等11名责任人）,2014年12月15日,〔2014〕104号,http://www.csrc.gov.cn/pub/zjhpublic/G00306212/201504/t20150403_274636.htm,2,1,振兴生化股份有限公司,0,403,
350,中国证监会行政处罚决定书（珠海中富实业股份有限公司、陈志俊、王玉玲、招镜浴⒊铝⑸希,2015年1月27日,〔2015〕2号,http://www.csrc.gov.cn/pub/zjhpublic/G00306212/201502/t20150228_269170.htm,2,1,珠海中富实业股份有限公司,0,659,
345,中国证监会行政处罚决定书（叶庆来、上海银沙创业投资有限公司）,2015年3月18日,〔2015〕6号,http://www.csrc.gov.cn/pub/zjhpublic/G00306212/201505/t20150505_276156.htm,1,1,"叶庆来,上海银沙创业投资有限公司",0,0,
344,中国证监会行政处罚决定书（潍坊北大青鸟华光科技股份有限公司、周燕军、许振东等15名责任人）,2015年4月8日,〔2015〕7号,http://www.csrc.gov.cn/pub/zjhpublic/G00306212/201506/t20150609_278688.htm,2,1,潍坊北大青鸟华光科技股份有限公司,0,600076,
340,中国证监会行政处罚决定书（上海超日太阳能科技股份有限公司、倪开禄、陶然等10名责任人）,2015年5月26日,〔2015〕10号,http://www.csrc.gov.cn/pub/zjhpublic/G00306212/201506/t20150625_279654.htm,2,1,上海超日太阳能科技股份有限公司,0,0,
341,中国证监会行政处罚决定书（承德大路股份有限公司、陈荣、阎启忠等7名责任人）,2015年5月26日,〔2015〕11号,http://www.csrc.gov.cn/pub/zjhpublic/G00306212/201507/t20150713_280911.htm,2,1,承德大路股份有限公司,0,200160,
331,中国证监会行政处罚决定书（宁夏大元化工股份有限公司、邓永新、洪金益等5名责任人员）,2015年7月14日,〔2015〕14号,http://www.csrc.gov.cn/pub/zjhpublic/G00306212/201508/t20150814_282849.htm,1,1,宁夏大元化工股份有限公司,0,600146,
330,中国证监会行政处罚决定书（安徽皖江物流（集团）股份有限公司、汪晓秀、孔祥喜等24名责任人员）,2015年7月23日,〔2015〕21号,http://www.csrc.gov.cn/pub/zjhpublic/G00306212/201509/t20150911_283808.htm,0,1,安徽皖江物流（集团）股份有限公司,0,600575,2011
326,中国证监会行政处罚决定书（上海创兴资源开发股份有限公司、陈冠全、周清松等10名责任人员）,2015年8月4日,〔2015〕25号,http://www.csrc.gov.cn/pub/zjhpublic/G00306212/201509/t20150908_283695.htm,2,1,上海创兴资源开发股份有限公司,0,600193,
310,中国证监会行政处罚决定书（山西明坤科工贸集团有限公司、梁俊明、孔永刚）,2015年9月29日,〔2015〕35号,http://www.csrc.gov.cn/pub/zjhpublic/G00306212/201605/t20160519_297511.htm,2,1,山西明坤科工贸集团有限公司,0,0,
313,中国证监会行政处罚决定书（新筑投资集团有限公司、黄晓波）,2015年9月29日,〔2015〕39号,http://www.csrc.gov.cn/pub/zjhpublic/G00306212/201512/t20151201_287434.htm,2,1,新筑投资集团有限公司,0,2480,
315,中国证监会行政处罚决定书（湖北化纤开发有限公司、刘新河）,2015年9月29日,〔2015〕42号,http://www.csrc.gov.cn/pub/zjhpublic/G00306212/201512/t20151201_287432.htm,2,1,湖北化纤开发有限公司,0,615,
296,中国证监会行政处罚决定书（天津中商联控股有限公司、应泽从、高海波）,2015年10月30日,〔2015〕54号,http://www.csrc.gov.cn/pub/zjhpublic/G00306212/201511/t20151125_287181.htm,2,1,天津中商联控股有限公司,0,0,
301,中国证监会行政处罚决定书（华仁世纪集团有限公司、董传文）,2015年10月30日,〔2015〕51号,http://www.csrc.gov.cn/pub/zjhpublic/G00306212/201511/t20151125_287177.htm,0,1,华仁世纪集团有限公司,0,0,
289,中国证监会行政处罚决定书（中铁二局集团有限公司）,2015年11月4日,〔2015〕65号,http://www.csrc.gov.cn/pub/zjhpublic/G00306212/201605/t20160520_297526.htm,1,1,中铁二局集团有限公司,0,600528,
291,中国证监会行政处罚决定书（深圳市联泰房地产开发有限公司、南昌联泰投资有限公司、黄婉茹等4名责任人员）,2015年11月4日,〔2015〕63号,http://www.csrc.gov.cn/pub/zjhpublic/G00306212/201605/t20160520_297523.htm,2,1,"深圳市联泰房地产开发有限公司,南昌联泰投资有限公司",0,0,
284,中国证监会行政处罚决定书（华锐风电科技（集团）股份有限公司、韩俊良、陶刚等15名责任人员）,2015年11月5日,〔2015〕66号,http://www.csrc.gov.cn/pub/zjhpublic/G00306212/201512/t20151217_288197.htm,0,1,华锐风电科技（集团）股份有限公司,0,601558,
272,中国证监会行政处罚决定书（中盐吉兰泰盐化集团有限公司、程同海、张洪军）,2015年11月27日,〔2015〕82号,http://www.csrc.gov.cn/pub/zjhpublic/G00306212/201605/t20160519_297505.htm,2,1,中盐吉兰泰盐化集团有限公司,0,0,
275,中国证监会行政处罚决定书（沈阳银基集团有限责任公司、林平）,2015年11月27日,〔2015〕80号,http://www.csrc.gov.cn/pub/zjhpublic/G00306212/201602/t20160219_291437.htm,2,1,沈阳银基集团有限责任公司,0,0,
276,中国证监会行政处罚决定书（柳州化学工业集团有限公司、廖能成）,2015年11月27日,〔2015〕81号,http://www.csrc.gov.cn/pub/zjhpublic/G00306212/201605/t20160520_297531.htm,1,1,柳州化学工业集团有限公司,0,600423,
270,中国证监会行政处罚决定书（中科云网科技集团股份有限公司、孟凯、詹毓倩等19名责任人员）,2015年12月2日,〔2015〕84号,http://www.csrc.gov.cn/pub/zjhpublic/G00306212/201512/t20151230_289257.htm,2,1,中科云网科技集团股份有限公司,0,2306,
261,中国证监会行政处罚决定书（浙江凯喜雅国际股份有限公司、包如荣）,2015年12月24日,〔2015〕95号,http://www.csrc.gov.cn/pub/zjhpublic/G00306212/201605/t20160520_297533.htm,2,1,浙江凯喜雅国际股份有限公司,0,0,
253,中国证监会行政处罚决定书（辽宁省机械（集团）股份有限公司、吴岩）,2016年1月4日,〔2016〕1号,http://www.csrc.gov.cn/pub/zjhpublic/G00306212/201603/t20160303_293833.htm,2,1,辽宁省机械（集团）股份有限公司,0,0,
249,中国证监会行政处罚决定书（科泰控股有限公司）,2016年1月18日,〔2016〕7号,http://www.csrc.gov.cn/pub/zjhpublic/G00306212/201603/t20160303_293831.htm,1,1,科泰控股有限公司,0,300153,
250,中国证监会行政处罚决定书（广东东方锆业科技股份有限公司、陈潮钿、黄超华等7名责任人员）,2016年1月18日,〔2016〕6号,http://www.csrc.gov.cn/pub/zjhpublic/G00306212/201609/t20160913_303329.htm,2,1,广东东方锆业科技股份有限公司,0,2167,
244,中国证监会行政处罚决定书（海南亚太实业发展股份有限公司、梁德根、龚成辉等24名责任人员）,2016年1月26日,〔2016〕12号,http://www.csrc.gov.cn/pub/zjhpublic/G00306212/201604/t20160405_295346.htm,2,1,海南亚太实业发展股份有限公司,0,691,
234,中国证监会行政处罚决定书（浙江步森服饰股份有限公司、王建军、寿鹤蕾等10名责任人员）,2016年2月14日,〔2016〕22号,http://www.csrc.gov.cn/pub/zjhpublic/G00306212/201603/t20160302_293737.htm,0,1,浙江步森服饰股份有限公司,0,2569,
235,中国证监会行政处罚决定书（广西康华农业股份有限公司、李艳、章楠等15名责任人员）,2016年2月14日,〔2016〕21号,http://www.csrc.gov.cn/pub/zjhpublic/G00306212/201603/t20160302_293732.htm,0,1,广西康华农业股份有限公司,0,0,
233,中国证监会行政处罚决定书（开元资产评估有限公司、孟庆民、张革）,2016年2月24日,〔2016〕23号,http://www.csrc.gov.cn/pub/zjhpublic/G00306212/201603/t20160303_293786.htm,2,1,开元资产评估有限公司,0,0,
198,中国证监会行政处罚决定书（广州赢石网络科技有限公司）,2016年5月3日,〔2016〕58号,http://www.csrc.gov.cn/pub/zjhpublic/G00306212/201605/t20160509_297080.htm,2,1,广州赢石网络科技有限公司,0,0,
179,中国证监会行政处罚决定书（广州穗富投资管理有限公司、易向军、周岭松）,2016年6月6日,〔2016〕77号,http://www.csrc.gov.cn/pub/zjhpublic/G00306212/201606/t20160616_298728.htm,2,1,广州穗富投资管理有限公司,0,0,
175,中国证监会行政处罚决定书（北京无线天利移动信息技术股份有限公司、钱永耀）,2016年6月27日,〔2016〕81号,http://www.csrc.gov.cn/pub/zjhpublic/G00306212/201606/t20160629_299945.htm,2,1,北京无线天利移动信息技术股份有限公司,0,300399,
173,中国证监会行政处罚决定书（内蒙古敕勒川科技发展股份有限公司、赵伟、马雅等4名责任人员）,2016年6月30日,〔2016〕82号,http://www.csrc.gov.cn/pub/zjhpublic/G00306212/201607/t20160707_300398.htm,2,1,内蒙古敕勒川科技发展股份有限公司,0,611,
174,中国证监会行政处罚决定书（参仙源参业股份有限公司、于成波、李殿文等7名责任人员）,2016年6月30日,〔2016〕83号,http://www.csrc.gov.cn/pub/zjhpublic/G00306212/201607/t20160707_300397.htm,2,1,参仙源参业股份有限公司,0,831399,
172,中国证监会行政处罚决定书（丹东欣泰电气股份有限公司、温德乙、刘明胜等18名责任人员）,2016年7月5日,〔2016〕84号,http://www.csrc.gov.cn/pub/zjhpublic/G00306212/201607/t20160712_300557.htm,0,1,丹东欣泰电气股份有限公司,0,300372,
161,中国证监会行政处罚决定书（福建连城兰花股份有限公司、饶春荣、巫永俊）,2016年8月2日,〔2016〕94号,http://www.csrc.gov.cn/pub/zjhpublic/G00306212/201609/t20160913_303337.htm,0,1,福建连城兰花股份有限公司,0,0,
162,中国证监会行政处罚决定书（福建金森林业股份有限公司、王国熙、应飚）,2016年8月2日,〔2016〕93号,http://www.csrc.gov.cn/pub/zjhpublic/G00306212/201609/t20160913_303335.htm,0,1,福建金森林业股份有限公司,0,2679,
158,中国证监会行政处罚决定书（湖北洋丰股份有限公司、杨才学、柴育文等4名责任人员）,2016年8月16日,〔2016〕100号,http://www.csrc.gov.cn/pub/zjhpublic/G00306212/201609/t20160922_303653.htm,0,1,湖北洋丰股份有限公司,0,902,
153,中国证监会行政处罚决定书（北京市大地科技实业总公司、于洋）,2016年8月18日,〔2016〕103号,http://www.csrc.gov.cn/pub/zjhpublic/G00306212/201610/t20161012_304476.htm,1,1,北京市大地科技实业总公司,0,0,
154,中国证监会行政处罚决定书（黑龙江北大荒农业股份有限公司、杨忠诚、白石等16名责任人员）,2016年8月18日,〔2016〕102号,http://www.csrc.gov.cn/pub/zjhpublic/G00306212/201608/t20160826_302675.htm,2,1,黑龙江北大荒农业股份有限公司,0,600598,
149,中国证监会行政处罚决定书（辽宁振隆特产股份有限公司、黄跃、王彩霞等19名责任人员）,2016年9月1日,〔2016〕107号,http://www.csrc.gov.cn/pub/zjhpublic/G00306212/201610/t20161008_304260.htm,0,1,辽宁振隆特产股份有限公司,0,0,
140,中国证监会行政处罚决定书（江苏舜天船舶股份有限公司、王军民、魏庆文等13名责任人员）,2016年10月24日,〔2016〕116号,http://www.csrc.gov.cn/pub/zjhpublic/G00306212/201610/t20161028_305115.htm,2,1,江苏舜天船舶股份有限公司,0,600287,
138,中国证监会行政处罚决定书（现代农装科技股份有限公司、李树君、张海等5名责任人员）,2016年11月8日,〔2016〕118号,http://www.csrc.gov.cn/pub/zjhpublic/G00306212/201611/t20161111_305763.htm,2,1,现代农装科技股份有限公司,0,430010,
121,中国证监会行政处罚决定书（杭州米云科技有限公司、柳阳）,2016年11月25日,〔2016〕135号,http://www.csrc.gov.cn/pub/zjhpublic/G00306212/201612/t20161201_306992.htm,2,1,杭州米云科技有限公司,0,0,
131,中国证监会行政处罚决定书（上海铭创软件技术有限公司、刘照波、谢承刚）,2016年11月25日,〔2016〕125号,http://www.csrc.gov.cn/pub/zjhpublic/G00306212/201612/t20161201_306963.htm,2,1,上海铭创软件技术有限公司,0,0,
133,中国证监会行政处罚决定书（杭州恒生网络技术服务有限公司、刘曙峰、官晓岚）,2016年11月25日,〔2016〕123号,http://www.csrc.gov.cn/pub/zjhpublic/G00306212/201612/t20161201_306951.htm,2,1,杭州恒生网络技术服务有限公司,0,600570,
117,中国证监会行政处罚决定书（上海安硕信息技术股份有限公司、高鸣、曹丰）,2016年12月15日,〔2016〕138号,http://www.csrc.gov.cn/pub/zjhpublic/G00306212/201612/t20161221_308118.htm,1,1,上海安硕信息技术股份有限公司,0,300380,
113,中国证监会行政处罚决定书（文峰大世界连锁发展股份有限公司、江苏文峰集团有限公司、陆永敏等16名责任人员）,2017年1月6日,〔2017〕2号,http://www.csrc.gov.cn/pub/zjhpublic/G00306212/201701/t20170111_309356.htm,2,1,"文峰大世界连锁发展股份有限公司,江苏文峰集团有限公司",0,601010,
105,中国证监会行政处罚决定书（江阴市九润管业有限公司、任向东）,2017年1月20日,〔2017〕11号,http://www.csrc.gov.cn/pub/zjhpublic/G00306212/201702/t20170220_312406.htm,2,1,江阴市九润管业有限公司,0,0,
99,中国证监会行政处罚决定书（上海有色金属交易中心有限公司、陆敏宏）,2017年2月3日,〔2017〕13号,http://www.csrc.gov.cn/pub/zjhpublic/G00306212/201702/t20170210_310612.htm,2,1,上海有色金属交易中心有限公司,0,0,
104,中国证监会行政处罚决定书（吉林省集安益盛药业股份有限公司、张益胜、李铁军等21名责任人员）,2017年2月3日,〔2017〕14号,http://www.csrc.gov.cn/pub/zjhpublic/G00306212/201702/t20170207_310356.htm,2,1,吉林省集安益盛药业股份有限公司,0,2566,
90,中国证监会行政处罚决定书（吉林成城集团股份有限公司、成清波、徐才江等11名责任人员）,2017年3月13日,〔2017〕25号,http://www.csrc.gov.cn/pub/zjhpublic/G00306212/201703/t20170317_313777.htm,2,1,吉林成城集团股份有限公司,0,600247,
91,中国证监会行政处罚决定书（吉林成城集团股份有限公司、徐才江、黄俊岩等11名责任人员）,2017年3月13日,〔2017〕24号,http://www.csrc.gov.cn/pub/zjhpublic/G00306212/201703/t20170317_313776.htm,2,1,吉林成城集团股份有限公司,1,600247,
92,中国证监会行政处罚决定书（吉林成城集团股份有限公司、成清波、徐才江等16名责任人员）,2017年3月13日,〔2017〕23号,http://www.csrc.gov.cn/pub/zjhpublic/G00306212/201703/t20170317_313775.htm,2,1,吉林成城集团股份有限公司,2,600247,
94,中国证监会行政处罚决定书（广州穗富投资管理有限公司、易向军、周岭松等4名责任人员）,2017年3月13日,〔2017〕27号,http://www.csrc.gov.cn/pub/zjhpublic/G00306212/201703/t20170320_313844.htm,1,1,广州穗富投资管理有限公司,1,0,
81,中国证监会行政处罚决定书（鞍山重型矿山机器股份有限公司、杨永柱、张宝田等16名责任人员）,2017年4月21日,〔2017〕35号,http://www.csrc.gov.cn/pub/zjhpublic/G00306212/201705/t20170504_316150.htm,0,1,鞍山重型矿山机器股份有限公司,0,2667,
82,中国证监会行政处罚决定书（嘉兴九贵股权投资合伙企业、嘉兴九卓投资管理有限公司）,2017年4月21日,〔2017〕34号,http://www.csrc.gov.cn/pub/zjhpublic/G00306212/201705/t20170504_316149.htm,0,1,"嘉兴九贵股权投资合伙企业,嘉兴九卓投资管理有限公司",0,0,
84,中国证监会行政处罚决定书（浙江九好办公服务集团有限公司、郭丛军、宋荣生等4名责任人员）,2017年4月21日,〔2017〕32号,http://www.csrc.gov.cn/pub/zjhpublic/G00306212/201705/t20170504_316147.htm,0,1,浙江九好办公服务集团有限公司,0,0,
80,中国证监会行政处罚决定书（北京嘉寓门窗幕墙股份有限公司、田家玉、胡满姣等28名责任人员）,2017年4月25日,〔2017〕38号,http://www.csrc.gov.cn/pub/zjhpublic/G00306212/201705/t20170502_316070.htm,2,1,北京嘉寓门窗幕墙股份有限公司,0,300117,
76,中国证监会行政处罚决定书（河南大有能源股份有限公司、义马煤业集团股份有限公司、武予鲁等6名责任人员）,2017年4月28日,〔2017〕40号,http://www.csrc.gov.cn/pub/zjhpublic/G00306212/201705/t20170508_316317.htm,2,1,"河南大有能源股份有限公司,义马煤业集团股份有限公司",0,600403,
72,中国证监会行政处罚决定书（北大医药股份有限公司、北京政泉控股有限公司、北大资源集团控股有限公司等8名责任人员）,2017年5月5日,〔2017〕44号,http://www.csrc.gov.cn/pub/zjhpublic/G00306212/201705/t20170510_316487.htm,2,1,"北大医药股份有限公司,北京政泉控股有限公司,北大资源集团控股有限公司等8名责任人员",0,0,
73,中国证监会行政处罚决定书（方正科技集团股份有限公司、 北大方正集团有限公司、武汉国兴科技发展有限公司等21名责任人员）,2017年5月5日,〔2017〕43号,http://www.csrc.gov.cn/pub/zjhpublic/G00306212/201705/t20170510_316486.htm,2,1,"方正科技集团股份有限公司, 北大方正集团有限公司,武汉国兴科技发展有限公司等21名责任人员",0,600601,
74,中国证监会行政处罚决定书（北大方正集团有限公司、利德科技发展有限公司、西藏昭融投资有限公司等10名责任人员）,2017年5月5日,〔2017〕42号,http://www.csrc.gov.cn/pub/zjhpublic/G00306212/201705/t20170510_316483.htm,0,1,"北大方正集团有限公司,利德科技发展有限公司,西藏昭融投资有限公司等10名责任人员",0,600601,
75,中国证监会行政处罚决定书（中国高科集团股份有限公司、余丽、周伯勤等13名责任人员）,2017年5月5日,〔2017〕41号,http://www.csrc.gov.cn/pub/zjhpublic/G00306212/201705/t20170510_316477.htm,2,1,中国高科集团股份有限公司,0,600730,
71,中国证监会行政处罚决定书（沈阳机床（集团）有限责任公司、刘云侠）,2017年5月8日,〔2017〕45号,http://www.csrc.gov.cn/pub/zjhpublic/G00306212/201705/t20170519_317034.htm,2,1,沈阳机床（集团）有限责任公司,0,410,
66,中国证监会行政处罚决定书（广西慧球科技股份有限公司、顾国平）,2017年5月12日,〔2017〕50号,http://www.csrc.gov.cn/pub/zjhpublic/G00306212/201705/t20170519_317029.htm,0,1,广西慧球科技股份有限公司,0,600556,
67,中国证监会行政处罚决定书（广西慧球科技股份有限公司、鲜言、温利华等5名责任人员）,2017年5月12日,〔2017〕49号,http://www.csrc.gov.cn/pub/zjhpublic/G00306212/201705/t20170519_317028.htm,0,1,广西慧球科技股份有限公司,1,600556,
68,中国证监会行政处罚决定书（广西慧球科技股份有限公司、鲜言、董文亮等7名责任人员）,2017年5月12日,〔2017〕48号,http://www.csrc.gov.cn/pub/zjhpublic/G00306212/201705/t20170519_317026.htm,2,1,广西慧球科技股份有限公司,2,600556,
69,中国证监会行政处罚决定书（广西慧球科技股份有限公司、顾国平、王忠华等12名责任人员）,2017年5月12日,〔2017〕47号,http://www.csrc.gov.cn/pub/zjhpublic/G00306212/201705/t20170519_317025.htm,0,1,广西慧球科技股份有限公司,3,600556,
62,中国证监会行政处罚决定书（西南证券股份有限公司、童星、朱正贵）,2017年5月16日,〔2017〕54号,http://www.csrc.gov.cn/pub/zjhpublic/G00306212/201705/t20170523_317210.htm,0,1,西南证券股份有限公司,0,0,
57,中国证监会行政处罚决定书（怀集登云汽配股份有限公司、欧洪先、潘炜等26名责任人员）,2017年5月31日,〔2017〕60号,http://www.csrc.gov.cn/pub/zjhpublic/G00306212/201706/t20170605_317856.htm,0,1,怀集登云汽配股份有限公司,0,2715,
45,中国证监会行政处罚决定书（厦门金英马影视传媒股份有限公司、滕站、侯丽娟等4名责任人员）,2017年6月27日,〔2017〕71号,http://www.csrc.gov.cn/pub/zjhpublic/G00306212/201706/t20170630_319469.htm,0,1,厦门金英马影视传媒股份有限公司,0,0,
43,中国证监会行政处罚决定书（广东省珠海市博元投资股份有限公司、车学东、蒋根福等15名责任人员）,2017年6月29日,〔2017〕73号,http://www.csrc.gov.cn/pub/zjhpublic/G00306212/201707/t20170712_320364.htm,2,1,广东省珠海市博元投资股份有限公司,0,600656,2010
39,中国证监会行政处罚决定书（江苏保千里视像科技股份有限公司、庄敏、陈海昌等12名责任人员）,2017年8月9日,〔2017〕78号,http://www.csrc.gov.cn/pub/zjhpublic/G00306212/201708/t20170815_322150.htm,0,1,江苏保千里视像科技股份有限公司,0,600074,
26,中国证监会行政处罚决定书（山东墨龙石油机械股份有限公司、张恩荣、张云三等19名责任人员）,2017年9月21日,〔2017〕87号,http://www.csrc.gov.cn/pub/zjhpublic/G00306212/201710/t20171010_325106.htm,2,1,山东墨龙石油机械股份有限公司,0,2490,
21,中国证监会行政处罚决定书（广西慧球科技股份有限公司、董文亮、陆俊安）,2017年11月10日,〔2017〕95号,http://www.csrc.gov.cn/pub/zjhpublic/G00306212/201712/t20171207_328426.htm,0,1,广西慧球科技股份有限公司,4,600556,
19,中国证监会行政处罚决定书（哈尔滨电气集团佳木斯电机股份有限公司、赵明、梁喜华等23名责任人员）,2017年12月1日,〔2017〕97号,http://www.csrc.gov.cn/pub/zjhpublic/G00306212/201712/t20171207_328403.htm,0,1,哈尔滨电气集团佳木斯电机股份有限公司,0,922,
17,中国证监会行政处罚决定书（上海易所试网络信息技术股份有限公司、中泰证券股份有限公司、章源等8名责任人员）,2017年12月4日,〔2017〕100号,http://www.csrc.gov.cn/pub/zjhpublic/G00306212/201712/t20171220_329236.htm,2,1,"上海易所试网络信息技术股份有限公司,中泰证券股份有限公司",0,430309,
14,中国证监会行政处罚决定书（江苏雅百特科技股份有限公司、陆永、顾彤莉等21名责任人员）,2017年12月14日,〔2017〕102号,http://www.csrc.gov.cn/pub/zjhpublic/G00306212/201712/t20171222_329327.htm,2,1,江苏雅百特科技股份有限公司,0,2323,
13,中国证监会行政处罚决定书（任子行网络技术股份有限公司、景晓军）,2017年12月19日,〔2017〕103号,http://www.csrc.gov.cn/pub/zjhpublic/G00306212/201712/t20171222_329326.htm,0,1,任子行网络技术股份有限公司,0,300311,
